{"name": "Facebook", "url": "https://en.wikipedia.org/wiki/Facebook", "entity_type": "Public company", "type": "Public", "traded_as": ["NASDAQ:_FB (Class A)", "NASDAQ-100 component", "S&P 100 component", "S&P 500 component"], "industry": ["Social media", "Advertising"], "founded": "February_4, 2004; 15 years ago_(2004-02-04) in Cambridge, Massachusetts", "founded_by": ["Mark Zuckerberg", "Eduardo Saverin", "Andrew McCollum", "Dustin Moskovitz", "Chris Hughes"], "headquarters": "1 Hacker Way (aka 1601 Willow Road), Menlo Park, California, U.S.", "area_served": "United States (2004\u2013present)Worldwide, except blocking countries (2005\u2013present)", "key_people": ["Mark Zuckerberg (Chairman and CEO)", "Sheryl Sandberg (COO)", "David Wehner (CFO)", "Mike Schroepfer (CTO)"], "products": ["Messenger", "Watch", "Portal"], "revenue": " US$55.838 billion_(2018)", "owner": "Facebook, Inc._", "subsidiaries": ["Instagram", "WhatsApp", "Oculus", "Calibra"], "website": "about.fb.com"}
{"name": "Summify", "url": "https://en.wikipedia.org/wiki/Summify", "entity_type": "organisation", "headquarters": "Vancouver, British Columbia", "founder(s)": ["Mircea Pa\u015foi", "Cristian Strat"], "industry": ["news aggregation", "social media"], "website": "summify.com"}
{"name": "Periscope (app)", "url": "https://en.wikipedia.org/wiki/Periscope_(app)", "entity_type": "software", "original_author(s)": "Kayvon Beykpour  Joe Bernstein  Aaron Wasserman  Tyler Hansen  Geraint Davies[1]", "developer(s)": "Twitter", "stable_release": ["[2]", "[3]"], "android": "1.26.4.79 / October_8, 2019; 45 days ago_(2019-10-08)[2]", "ios": "1.63 / October_21, 2019; 32 days ago_(2019-10-21)[3]", "written_in": ["Go", "server-side", "[4]"], "operating_system": ["iOS", "tvOS", "Android"], "available_in": ["Multilingual", "[5]"], "type": ["Video streaming", "Social networking service"], "website": "www.periscope.tv"}
{"name": "Vine (service)", "url": "https://en.wikipedia.org/wiki/Vine_(service)", "entity_type": "software", "original_author(s)": ["Dom Hofmann", "Rus Yusupov", "Colin Kroll"], "developer(s)": "Vine Labs, Inc. (Twitter)", "operating_system": ["Windows", "macOS", "Android", "iOS", "Windows Phone", "Xbox One"], "available_in": "25 languages[citation needed]", "type": "Video sharing", "license": "Freeware", "alexa_rank": " 34,336 (April 2019)[1]", "website": "vine.co"}
{"name": "Instagram", "url": "https://en.wikipedia.org/wiki/Instagram", "entity_type": "organisation", "original_author(s)": ["Kevin Systrom", "Mike Krieger"], "developer(s)": "Facebook, Inc.", "android": "119.0.0.33.147 / November_11, 2019; 12 days ago_(2019-11-11)[1]", "ios": "117.0 / October_28, 2019; 26 days ago_(2019-10-28)[2]", "windows_10": "30.1569.12133.0 / April_14, 2018; 19 months ago_(2018-04-14)[3]", "android_(alpha)": "119.0.0.0.55 / November_1, 2019; 22 days ago_(2019-11-01)[4]", "android_(beta)": "118.0.0.14.122 / November_1, 2019; 22 days ago_(2019-11-01)[5]", "operating_system": ["iOS", "Android", "Windows"], "size": ["MB", "[6]", "[7]"], "available_in": "32[8] languages", "license": ["Proprietary software", "Terms of Use"], "alexa_rank": ["[update]", "[9]"], "website": "Instagram.com"}
{"name": "Snapchat", "url": "https://en.wikipedia.org/wiki/Snapchat", "entity_type": "software", "original_author(s)": ["Evan Spiegel", "Bobby Murphy", "Reggie Brown"], "developer(s)": "Snap Inc.", "android": "10.70.5.0 / November_19, 2019; 7 days ago_(2019-11-19)[1]", "ios": "10.68.0.63 / October_17, 2019; 40 days ago_(2019-10-17)[2]", "android_(beta)": "10.68.6.0 / October_19, 2019; 38 days ago_(2019-10-19)[3]", "operating_system": ["Android", "iOS"], "size": ["MB", "[4]", "[5]"], "type": ["Photo sharing", "Instant messaging", "Video chat", "Multimedia"], "license": "Proprietary software", "alexa_rank": ["[update]", "[6]"], "website": "www.snapchat.com"}
{"name": "Twitter", "url": "https://en.wikipedia.org/wiki/Twitter", "entity_type": "Public company", "type_of_business": "Public", "type_of_site": ["News", "social networking service"], "available_in": "Multilingual", "traded_as": ["NYSE:_TWTR", "S&P 500 Component"], "headquarters": "San Francisco, California, United States", "coordinates": ["37\u00b046\u203236\u2033N 122\u00b025\u203200\u2033W\ufeff / \ufeff37.7768\u00b0N 122.4166\u00b0W\ufeff / 37.7768; -122.4166", "Coordinates", "37\u00b046\u203236\u2033N 122\u00b025\u203200\u2033W\ufeff / \ufeff37.7768\u00b0N 122.4166\u00b0W\ufeff / 37.7768; -122.4166"], "founder(s)": ["Jack Dorsey", "Noah Glass", "Biz Stone", "Evan Williams"], "key_people": ["Omid Kordestani", "(Executive Chairman)", "Jack Dorsey", "(CEO)", "Ned Segal", "(CFO)"], "industry": "Internet", "employees": "4,600 (September 2019)[1]", "subsidiaries": ["Vine", "Periscope", "MoPub"], "website": ["twitter.com", ""], "alexa_rank": ["[update]", "[2]"], "users": ["321 million active users", "(February 2019)"], "written_in": ["Java", "Ruby", "Scala", "JavaScript"]}
{"name": "Mike Schroepfer", "url": "https://en.wikipedia.org/wiki/Mike_Schroepfer", "entity_type": "businessperson", "residence": "San Francisco Bay area", "alma_mater": "Stanford University", "occupation": ["CTO", "Facebook"]}
{"name": "Libra (cryptocurrency)", "url": "https://en.wikipedia.org/wiki/Calibra_(company)", "entity_type": "Thing", "white_paper": "Libra whitepaper", "code_repository": "github.com/libra/libra", "written_in": "Rust", "source_model": "Open source", "license": ["Apache License", "[1]"], "website": "libra.org"}
{"name": "Oculus VR", "url": "https://en.wikipedia.org/wiki/Oculus_VR", "entity_type": "Subsidiary", "type": "Division", "industry": "Virtual reality", "founded": "July_2012; 7_years ago_(2012-07) in Irvine, California, U.S.", "founded_by": ["Palmer Luckey", "Brendan Iribe", "Michael Antonov", "Nate Mitchell"], "headquarters": "Menlo Park, California, U.S.", "key_people": ["Andrew Bosworth (Vice President, VR/AR)"], "products": ["Samsung Gear VR", "Oculus Rift CV1Oculus GoOculus Rift SOculus Quest", "Oculus Medium"], "brands": "Oculus Rift", "parent": "Facebook Technologies, LLC (Facebook, Inc.)", "subsidiaries": "Oculus Studios", "website": "oculus.com"}
{"name": "Periscope (app)", "url": "https://en.wikipedia.org/wiki/Periscope_(app)", "entity_type": "software", "original_author(s)": "Kayvon Beykpour  Joe Bernstein  Aaron Wasserman  Tyler Hansen  Geraint Davies[1]", "developer(s)": "Twitter", "stable_release": ["[2]", "[3]"], "android": "1.26.4.79 / October_8, 2019; 45 days ago_(2019-10-08)[2]", "ios": "1.63 / October_21, 2019; 32 days ago_(2019-10-21)[3]", "written_in": ["Go", "server-side", "[4]"], "operating_system": ["iOS", "tvOS", "Android"], "available_in": ["Multilingual", "[5]"], "type": ["Video streaming", "Social networking service"], "website": "www.periscope.tv"}
{"name": "WhatsApp", "url": "https://en.wikipedia.org/wiki/WhatsApp", "entity_type": "software", "original_author(s)": ["Brian Acton", "Jan Koum"], "developer(s)": "WhatsApp Inc. (Facebook, Inc.)", "ios": "2.19.112 / October_30, 2019; 26 days ago_(2019-10-30)[1]", "android": "2.19.341 / November_20, 2019; 5 days ago_(2019-11-20)[2]", "android_(beta)": "2.19.338 / November_19, 2019; 6 days ago_(2019-11-19)[3]", "written_in": ["Erlang", "[4]"], "operating_system": ["Android", "iOS", "KaiOS", "Windows", "macOS", "web app"], "size": ["MB", "[5]", "[6]"], "type": ["Instant messaging", "social media"], "license": ["Proprietary software", "EULA", "\"European Region\"", "others"], "alexa_rank": ["[update]", "[7]"], "website": "WhatsApp.com"}
{"name": "Sheryl Sandberg", "url": "https://en.wikipedia.org/wiki/Sheryl_Sandberg", "entity_type": "person", "born": "Sheryl Kara Sandberg (1969-08-28) August 28, 1969 (age_50)Washington, D.C., U.S.", "residence": ["Menlo Park, California", "[1]"], "education": ["Harvard University", "BA", "MBA"], "occupation": ["COO", "Facebook"], "salary": ["US$", "[2]"], "net_worth": "US$1.8 billion[3] (November 2019)", "political_party": "Democratic", "board_member_of": ["Facebook", "Women for Women International", "Center for Global Development", "V-Day", "SurveyMonkey"], "spouse(s)": "Brian Kraff(m._1993; div._1994)Dave Goldberg(m._2004; died_2015)", "children": "2 (with Goldberg)"}
{"name": "United States dollar", "url": "https://en.wikipedia.org/wiki/United_States_dollar", "entity_type": "currency", ".mw-parser-output_.nobold{font-weight:normal}\u20024": "stella", "10": "eagle", "100": "union (slang)", "\u200b1\u20444": "quarter", "\u200b1\u204410": "dime", "\u200b1\u204420": ["nickel", "half dime"], "\u200b1\u2044100": ["cent", "penny"], "\u200b1\u20441000": "mill", "symbol": "$", "cent_or_penny": "\u00a2", "mill": "\u20a5", "nickname": [" Ace, bean, bill, bone, buck, deuce, dub, ducat, doubloon, fin, frog, greenback, large, simoleons, skins,  smackeroo, smackers, spondulix, Tom, and yard\n", " Plural:", "dead presidents, green, bones, clams\n", " Based on denomination:", "Washingtons, Jeffersons, Lincolns, Hamiltons, Jacksons, Grants, and Benjamins, C-note, grand, sawbuck, single, Bluefaces"], "freq._used": ["1\u00a2", "5\u00a2", "10\u00a2", "25\u00a2"], "rarely_used": ["50\u00a2", "$1", "\u00bd\u00a2", "2\u00a2", "3\u00a2", "3\u00a2", "20\u00a2", "$2.50", "$3", "$20", "$5", "$10"], "source": "inflationdata.com", "replaced": ["Continental currency", "Pound sterling", "Spanish dollar"], "user(s)": ["_British Virgin Islands", "_Caribbean Netherlands", "_East Timor[2][Note 1]", "_Ecuador[3][Note 2]", "_El Salvador[4]", "_Micronesia", "_Marshall Islands", "_Palau", "_Panama[Note 3]", "_Turks and Caicos", "_United States"], "central_bank": "Federal Reserve System", "website": "www.usmint.gov", "printer": "Bureau of Engraving and Printing", "mint": "United States Mint", "method": "CPI", "pegged_by": ["  Aruban florin\n", "  Bahamian dollar (at_par)\n", "  Bahraini dinar (higher_value)\n", "  Barbadian dollar\n", "  Belize dollar\n", "  Bermudian dollar (at_par)\n", "  Cayman Islands dollar (higher_value)\n", "  Cuban convertible peso (at_par)\n", "  Djiboutian franc", "  East Timor centavo coins (at_par)\n", "  Ecuadorian centavo coins (at_par)\n", "  Eritrean nakfa\n", "  Hong Kong dollar (narrow_band)\n", "  Iraqi dinar\n", "  Jordanian dinar (higher_value)\n", "  Kuwaiti dinar (higher_value)\n", "  Lebanese pound\n", "  Antillean guilder\n", "  Omani rial (higher_value)\n", "  Panamanian balboa (at_par)\n", "  Qatari riyal\n", "  Saudi riyal\n", "  Trinidad and Tobago dollar\n", "  United Arab Emirates dirham\n", "  Venezuelan bol\u00edvar\n", "  Zimbabwean bond coins and bond notes (at_par)"]}
{"name": "Vancouver", "url": "https://en.wikipedia.org/wiki/Vancouver,_British_Columbia", "entity_type": "List of cities in British Columbia", "country": "Canada", "province": "British Columbia", "region": "Lower Mainland", "named_for": ["Captain George Vancouver", "British", "Royal Navy"], "\u2022_mayor": "Kennedy Stewart", "\u2022_vancouver_city_council": ["Rebecca Bligh", "Christine Boyle", "Adriane Carr", "Melissa De Genova", "Lisa Dominato", "Pete Fry", "Colleen Hardwick", "Sarah Kirby-Yung", "Jean Swanson", "Michael Wiebe"], "\u2022_mps_(fed.)": ["Don Davies (NDP)", "Hedy Fry (L)", "Jenny Kwan (NDP)", "Joyce Murray (L)", "Harjit Sajjan (L)", "Jody Wilson-Raybould (Ind)"], "\u2022_mlas_(prov.)": ["Spencer Chandra Herbert (NDP)", "George Chow (NDP)", "Adrian Dix (NDP)", "David Eby (NDP)", "Mable Elmore (NDP)", "George Heyman (NDP)", "Michael Lee (BCL)", "Melanie Mark (NDP)", "Shane Simpson (NDP)", "Sam Sullivan (BCL)", "Andrew Wilkinson (BCL)"], "\u2022_city": "631,486 (8th)", "\u2022_urban": "2,264,823[1]", "\u2022_metro": "2,463,431 (3rd)", "time_zone": ["UTC\u22128", "PST"], "\u2022_summer_(dst)": "UTC\u22127 (PDT)", "forward_sortation_area": "V5K \u2013 V6T, V6Z, V7X \u2013 V7Y", "area_codes": ["604", "778", "236", "672"], "highways__hwy_1_(tch)": ["Hwy_7", "Hwy_1A", "Hwy_7A", "Hwy_99"], "gdp": ["US$", "[4]"], "gdp_per_capita": "US$44,337[4]", "website": "City of Vancouver"}
{"name": "Menlo Park, California", "url": "https://en.wikipedia.org/wiki/Menlo_Park,_California", "entity_type": "City (California)", "country": "_United States", "state": "_California", "county": "San Mateo", "incorporated": "November 23, 1927[1]", "\u2022_mayor": "Ray Mueller [2]", "time_zone": ["UTC\u22128", "Pacific"], "\u2022_summer_(dst)": ["UTC\u22127", "PDT"], "area_code": "650", "fips_code": "06-46870", "gnis_feature_ids": ["1659108", "2411079"], "website": "www.menlopark.org"}
{"name": "Evan Spiegel", "url": "https://en.wikipedia.org/wiki/Evan_Spiegel", "entity_type": "person", "born": ["Los Angeles", "California"], "residence": ["Brentwood, Los Angeles", "California", "[1]"], "education": "Crossroads School for Arts and Sciences", "alma_mater": "Stanford University", "occupation": "Entrepreneur", "known_for": "Co-founder of Snap Inc.", "net_worth": ["US$", "[2]"], "title": ["CEO", "Snap Inc."], "spouse(s)": "Miranda Kerr (m._2017)"}
{"name": "Chris Hughes", "url": "https://en.wikipedia.org/wiki/Chris_Hughes", "entity_type": "person", "born": "Christopher Hughes (1983-11-26) November 26, 1983 (age_35)Hickory, North Carolina, U.S.", "education": "Phillips Academy", "alma_mater": "Harvard University", "occupation": "Entrepreneur", "known_for": "Co-founder of Facebook", "net_worth": ["US$", "[1]"], "political_party": "Democratic", "spouse(s)": "Sean Eldridge (m._2012)"}
{"name": "Dustin Moskovitz", "url": "https://en.wikipedia.org/wiki/Dustin_Moskovitz", "entity_type": "person", "born": ["[1]", "Gainesville, Florida"], "nationality": "American", "citizenship": "United States", "alma_mater": "Harvard University", "known_for": ["Facebook", "Asana"], "net_worth": ["US$", "[2]"]}
{"name": "Twitter", "url": "https://en.wikipedia.org/wiki/Twitter", "entity_type": "Public company", "type_of_business": "Public", "type_of_site": ["News", "social networking service"], "available_in": "Multilingual", "traded_as": ["NYSE:_TWTR", "S&P 500 Component"], "headquarters": "San Francisco, California, United States", "coordinates": ["37\u00b046\u203236\u2033N 122\u00b025\u203200\u2033W\ufeff / \ufeff37.7768\u00b0N 122.4166\u00b0W\ufeff / 37.7768; -122.4166", "Coordinates", "37\u00b046\u203236\u2033N 122\u00b025\u203200\u2033W\ufeff / \ufeff37.7768\u00b0N 122.4166\u00b0W\ufeff / 37.7768; -122.4166"], "founder(s)": ["Jack Dorsey", "Noah Glass", "Biz Stone", "Evan Williams"], "key_people": ["Omid Kordestani", "(Executive Chairman)", "Jack Dorsey", "(CEO)", "Ned Segal", "(CFO)"], "industry": "Internet", "employees": "4,600 (September 2019)[1]", "subsidiaries": ["Vine", "Periscope", "MoPub"], "website": ["twitter.com", ""], "alexa_rank": ["[update]", "[2]"], "users": ["321 million active users", "(February 2019)"], "written_in": ["Java", "Ruby", "Scala", "JavaScript"]}
{"name": "Proprietary software", "url": "https://en.wikipedia.org/wiki/Proprietary_software", "entity_type": "software", "software": "PD, CC0", "other_creative_works": "PD, CC0"}
{"name": "Facebook", "url": "https://en.wikipedia.org/wiki/Facebook", "entity_type": "Public company", "type": "Public", "traded_as": ["NASDAQ:_FB (Class A)", "NASDAQ-100 component", "S&P 100 component", "S&P 500 component"], "industry": ["Social media", "Advertising"], "founded": "February_4, 2004; 15 years ago_(2004-02-04) in Cambridge, Massachusetts", "founded_by": ["Mark Zuckerberg", "Eduardo Saverin", "Andrew McCollum", "Dustin Moskovitz", "Chris Hughes"], "headquarters": "1 Hacker Way (aka 1601 Willow Road), Menlo Park, California, U.S.", "area_served": "United States (2004\u2013present)Worldwide, except blocking countries (2005\u2013present)", "key_people": ["Mark Zuckerberg (Chairman and CEO)", "Sheryl Sandberg (COO)", "David Wehner (CFO)", "Mike Schroepfer (CTO)"], "products": ["Messenger", "Watch", "Portal"], "revenue": " US$55.838 billion_(2018)", "owner": "Facebook, Inc._", "subsidiaries": ["Instagram", "WhatsApp", "Oculus", "Calibra"], "website": "about.fb.com"}
{"name": "Instagram", "url": "https://en.wikipedia.org/wiki/Instagram", "entity_type": "organisation", "original_author(s)": ["Kevin Systrom", "Mike Krieger"], "developer(s)": "Facebook, Inc.", "android": "119.0.0.33.147 / November_11, 2019; 12 days ago_(2019-11-11)[1]", "ios": "117.0 / October_28, 2019; 26 days ago_(2019-10-28)[2]", "windows_10": "30.1569.12133.0 / April_14, 2018; 19 months ago_(2018-04-14)[3]", "android_(alpha)": "119.0.0.0.55 / November_1, 2019; 22 days ago_(2019-11-01)[4]", "android_(beta)": "118.0.0.14.122 / November_1, 2019; 22 days ago_(2019-11-01)[5]", "operating_system": ["iOS", "Android", "Windows"], "size": ["MB", "[6]", "[7]"], "available_in": "32[8] languages", "license": ["Proprietary software", "Terms of Use"], "alexa_rank": ["[update]", "[9]"], "website": "Instagram.com"}
{"name": "JavaScript", "url": "https://en.wikipedia.org/wiki/JavaScript", "entity_type": "language", "paradigm": ["Multi-paradigm", "event-driven", "[1]", "functional", "imperative", "object-oriented", "prototype-based"], "designed_by": "Brendan Eich", "developer": ["Netscape Communications Corporation", "Mozilla Foundation", "Ecma International"], "first_appeared": "December_4, 1995; 23 years ago_(1995-12-04)[2]", "stable_release": "ECMAScript 2019[3]\n   /    June_2019; 5_months ago_(2019-06)", "typing_discipline": ["Dynamic", "duck"], "filename_extensions": [".js", ".mjs[4]"], "website": "Mozilla"}
{"name": "Scala (programming language)", "url": "https://en.wikipedia.org/wiki/Scala_(programming_language)", "entity_type": "language", "paradigm": ["Multi-paradigm", "concurrent", "functional", "imperative", "object-oriented"], "designed_by": "Martin Odersky", "developer": "Programming Methods Laboratory of \u00c9cole Polytechnique F\u00e9d\u00e9rale de Lausanne", "stable_release": "2.13.1\n   /    11_June 2019; 5 months ago_(2019-06-11)[1]", "typing_discipline": ["Inferred", "static", "strong", "structural"], "platform": ["JVM", "JavaScript (Scala.js)", "LLVM (Scala Native) (experimental)"], "license": ["Apache License 2.0", "[2]"], "website": "www.scala-lang.org"}
{"name": "Stella (United States coin)", "url": "https://en.wikipedia.org/wiki/Stella_(United_States_coin)", "entity_type": "organisation", "value": "4 United States dollars", "mint_marks": "None, all were struck at the Philadelphia Mint.", "design": "Liberty with flowing hair", "designer": "George T. Morgan"}
{"name": "Ruby (programming language)", "url": "https://en.wikipedia.org/wiki/Ruby_(programming_language)", "entity_type": "language", "paradigm": ["Multi-paradigm", "functional", "imperative", "object-oriented", "reflective"], "designed_by": "Yukihiro Matsumoto", "stable_release": ["[1]", "[\u00b1]"], "typing_discipline": ["Duck", "dynamic", "strong"], "implementation_language": "C", "os": "Cross-platform", "license": ["Ruby License", "GPLv2", "2-clause BSD", "[2]", "[3]", "[4]"], "website": "www.ruby-lang.org"}
{"name": "Java (programming language)", "url": "https://en.wikipedia.org/wiki/Java_(programming_language)", "entity_type": "language", "paradigm": ["Multi-paradigm", "generic", "object-oriented", "class-based", "imperative", "reflective"], "designed_by": "James Gosling", "developer": "Sun Microsystems", "first_appeared": "May_23, 1995; 24 years ago_(1995-05-23)[1]", "typing_discipline": ["Static, strong, safe", "nominative", "manifest"], "filename_extensions": [".class", ".jar"], "website": "oracle.com/java/"}
{"name": "Rust (programming language)", "url": "https://en.wikipedia.org/wiki/Rust_(programming_language)", "entity_type": "language", "paradigms": ["Multi-paradigm", "concurrent", "functional", "generic", "imperative", "structured"], "stable_release": "1.39.0[1]\n   / November_7, 2019; 11 days ago_(2019-11-07)", "typing_discipline": ["Inferred", "linear", "nominal", "static", "strong"], "platform": ["ARM", "IA-32", "x86-64", "MIPS", "PowerPC", "SPARC", "RISC-V", "[2]", "[3]"], "os": ["Linux", "macOS", "Windows", "FreeBSD", "OpenBSD", "[4]", "Redox", "Android", "iOS", "[5]"], "license": ["MIT", "Apache 2.0", "[6]"], "website": "www.rust-lang.org"}
{"name": "Dave Goldberg", "url": "https://en.wikipedia.org/wiki/Dave_Goldberg", "entity_type": "person", "born": ["Chicago", "Illinois"], "died": ["Nuevo Vallarta", "Mexico"], "education": ["Harvard University", "BA"], "occupation": ["CEO", "SurveyMonkey"], "spouse(s)": "Sheryl Sandberg (m. 2004)"}
{"name": "San Francisco Bay Area", "url": "https://en.wikipedia.org/wiki/San_Francisco_Bay_area", "entity_type": "List of regions of California", "country": "_United States", "state": "_California", "subregions": ["East Bay", "North Bay", "Peninsula", "San Francisco", "South Bay"], "principal_cities": ["San Jose", "San Francisco", "Oakland", "Fremont", "Santa Rosa", "Hayward", "Sunnyvale", "Concord", "Santa Clara", "Vallejo", "Berkeley", "Fairfield", "Antioch", "Richmond", "Daly City", "San Mateo", "Vacaville", "San Leandro", "Livermore", "Redwood City", "Dublin", "Mountain View", "Napa"], "\u2022_nine-county": "7.75 million[4]", "\u2022_csa": "8.84 million[5]", "time_zone": ["UTC\u221208:00", "Pacific"], "\u2022_summer_(dst)": ["UTC\u221207:00", "PDT"], "area_codes": ["408", "669", "415", "628", "510", "341", "650", "707", "925", "[6]"]}
{"name": "Twitter", "url": "https://en.wikipedia.org/wiki/MoPub", "entity_type": "Public company", "type_of_business": "Public", "type_of_site": ["News", "social networking service"], "available_in": "Multilingual", "traded_as": ["NYSE:_TWTR", "S&P 500 Component"], "headquarters": "San Francisco, California, United States", "coordinates": ["37\u00b046\u203236\u2033N 122\u00b025\u203200\u2033W\ufeff / \ufeff37.7768\u00b0N 122.4166\u00b0W\ufeff / 37.7768; -122.4166", "Coordinates", "37\u00b046\u203236\u2033N 122\u00b025\u203200\u2033W\ufeff / \ufeff37.7768\u00b0N 122.4166\u00b0W\ufeff / 37.7768; -122.4166"], "founder(s)": ["Jack Dorsey", "Noah Glass", "Biz Stone", "Evan Williams"], "key_people": ["Omid Kordestani", "(Executive Chairman)", "Jack Dorsey", "(CEO)", "Ned Segal", "(CFO)"], "industry": "Internet", "employees": "4,600 (September 2019)[1]", "subsidiaries": ["Vine", "Periscope", "MoPub"], "website": ["twitter.com", ""], "alexa_rank": ["[update]", "[2]"], "users": ["321 million active users", "(February 2019)"], "written_in": ["Java", "Ruby", "Scala", "JavaScript"]}
{"name": "Andrew Wilkinson", "url": "https://en.wikipedia.org/wiki/Andrew_Wilkinson_(Canadian_politician)", "entity_type": "person", "premier": "Christy Clark", "preceded_by": "Ben Stewart", "succeeded_by": "Linda Reid", "born": ["Australia", "[1]"], "political_party": "BC Liberal Party", "residence": "Vancouver, British Columbia, Canada", "alma_mater": ["University of Alberta", "Magdalen College, Oxford", "Dalhousie University"]}
{"name": "Sam Sullivan", "url": "https://en.wikipedia.org/wiki/Sam_Sullivan", "entity_type": "politician", "preceded_by": "Larry Campbell", "succeeded_by": "Gregor Robertson", "political_party": ["BC Liberal Party", "Non-Partisan Association"], "alma_mater": ["Simon Fraser University", "Langara College", "[1]"]}
{"name": "Democratic Party (United States)", "url": "https://en.wikipedia.org/wiki/Democratic_Party_(United_States)", "entity_type": "organisation", "chairperson": ["Tom Perez", "MD"], "speaker_of_the_house": ["Nancy Pelosi", "CA"], "house_majority_leader": ["Steny Hoyer", "MD"], "senate_minority_leader": ["Chuck Schumer", "NY"], "founded": "January_8, 1828; 191 years ago_(1828-01-08)[1]", "preceded_by": "Democratic-Republican Party", "headquarters": ["South Capitol St.", "Washington, D.C."], "student_wing": ["College Democrats of America", "High School Democrats of America"], "youth_wing": "Young Democrats of America", "women's_wing": "National Federation of Democratic Women", "overseas_wing": "Democrats Abroad", "membership_(2018)": "44,780,772[2]", "ideology": ["Majority", "Modern liberalism", "[3]", "[4]", "Social liberalism", "[5]", "Social democracy", "[6]", "Factions", "Centrism", "[7]", "[8]", "Conservatism", "[8]", "[9]", "Democratic socialism", "[10]", "[11]", "[12]", "[13]", "Left-wing populism", "[14]", "[15]", "[16]", "Progressivism", "[17]"], "colors": "____ Blue"}
{"name": "Martin Odersky", "url": "https://en.wikipedia.org/wiki/Martin_Odersky", "entity_type": "scientist", "residence": ["Lausanne", "Switzerland"], "nationality": "German", "alma_mater": ["Ludwig Maximilian University of Munich", "ETH Zurich"], "known_for": ["Generic Java", "Scala", "MOOC"], "fields": "Computer languages"}
{"name": "Brendan Eich", "url": "https://en.wikipedia.org/wiki/Brendan_Eich", "entity_type": "person", "born": " (1961-07-04) July 4, 1961 (age_58)Pittsburgh, Pennsylvania, U.S.", "alma_mater": ["University of Illinois at Urbana-Champaign", "Santa Clara University"], "known_for": "JavaScript", "website": "brendaneich.com"}
{"name": "LLVM", "url": "https://en.wikipedia.org/wiki/LLVM", "entity_type": "software", "original_author(s)": ["Vikram Adve", "Chris Lattner"], "stable_release": "9.0.0\n   / September_19, 2019; 2 months ago_(2019-09-19)[1]", "repository": ["llvm.org/viewvc/llvm-project/"], "written_in": "C++", "operating_system": "Cross-platform", "type": "Compiler", "license": ["UIUC", "BSD-style", "Apache License 2.0", "[2]"], "website": "llvm.org"}
{"name": "\u00c9cole Polytechnique F\u00e9d\u00e9rale de Lausanne", "url": "https://en.wikipedia.org/wiki/%C3%89cole_Polytechnique_F%C3%A9d%C3%A9rale_de_Lausanne", "entity_type": "Public university", "other_name": "Swiss Federal Institute of Technology in Lausanne, French: le Poly (colloquially)", "type": "Public", "established": "1853  (\u00c9cole sp\u00e9ciale de Lausanne)   1969 (Federal status)[1]", "budget": "965 million CHF[2]", "president": "Martin Vetterli", "academic_staff": "3,971 (2016) [3]", "administrative_staff": "1,195 (2016) [3]", "students": "10,536 (headcount 2016, 27.7% female, 57.4% foreign nationals)[3]", "undergraduates": "5,418 (2016)[3]", "postgraduates": "4,925 (2016)[3]", "location": ["\u00c9cublens", "Lausanne", "Vaud", "Switzerland", "46\u00b031\u203213\u2033N 6\u00b033\u203256\u2033E\ufeff / \ufeff46.52028\u00b0N 6.56556\u00b0E\ufeff / 46.52028; 6.56556", "Coordinates", "46\u00b031\u203213\u2033N 6\u00b033\u203256\u2033E\ufeff / \ufeff46.52028\u00b0N 6.56556\u00b0E\ufeff / 46.52028; 6.56556"], "affiliations": ["AUF", "EUA", "Eurotech", "CLUSTER", "RESCIF", "TIME"], "website": "www.epfl.ch"}
{"name": "Sean Eldridge", "url": "https://en.wikipedia.org/wiki/Sean_Eldridge", "entity_type": "person", "born": ["Montreal", "Quebec"], "education": ["Deep Springs College", "Brown University", "BA", "Columbia University"], "known_for": ["Freedom to Marry", "Stand Up America"], "political_party": "Democratic", "spouse(s)": "Chris Hughes (m._2012)"}
{"name": "Harvard University", "url": "https://en.wikipedia.org/wiki/Harvard_University", "entity_type": "Research university", "former_names": "Harvard College", "motto": ["Veritas", "[1]", "[2]"], "type": ["Private", "nonprofit", "university"], "established": "1636_(1636)[3]", "endowment": ["US$", "[4]"], "president": "Lawrence S. Bacow", "academic_staff": "4,671[5]", "students": "19,819[6]", "undergraduates": "6,699[6]", "postgraduates": "13,120[6]", "location": ["Cambridge, Massachusetts", "42\u00b022\u203228\u2033N 71\u00b007\u203201\u2033W\ufeff / \ufeff42.37444\u00b0N 71.11694\u00b0W\ufeff / 42.37444; -71.11694", "Coordinates", "42\u00b022\u203228\u2033N 71\u00b007\u203201\u2033W\ufeff / \ufeff42.37444\u00b0N 71.11694\u00b0W\ufeff / 42.37444; -71.11694"], "campus": "Urban209 acres (85_ha)", "newspaper": "The Harvard Crimson", "colors": ["Crimson", "[7]"], "athletics": ["NCAA Division I", "Ivy League"], "nickname": "Harvard Crimson", "affiliations": ["NAICU", "AICUM", "AAU", "URA"], "website": "harvard.edu"}
{"name": "James Gosling", "url": "https://en.wikipedia.org/wiki/James_Gosling", "entity_type": "scientist", "born": ["Calgary", "Alberta"], "residence": ["San Francisco Bay Area", "California"], "nationality": "Canadian", "alma_mater": ["Carnegie Mellon University", "University of Calgary"], "known_for": "Java (programming language)", "awards": "Officer of the Order of Canada\nIEEE John von Neumann Medal\n\nThe Economist Innovation Award", "institutions": ["Sun Microsystems", "Oracle Corporation", "Google", "Liquid Robotics[1]", "Lightbend", "Amazon Web Services"], "thesis": "Algebraic Constraints_(1983)", "doctoral_advisor": ["Bob Sproull", "[2]"]}
{"name": "Sun Microsystems", "url": "https://en.wikipedia.org/wiki/Sun_Microsystems", "entity_type": "organisation", "traded_as": ["NASDAQ:_SUNW", "NASDAQ:_JAVA"], "industry": ["information technology"], "fate": "Acquired by Oracle", "predecessor": "MySQL AB, Pixo_", "successor": "Oracle America_", "founded_by": ["Scott McNealy", "Vinod Khosla", "Andy Bechtolsheim", "Bill Joy"], "headquarters": "Menlo Park, California, U.S.", "products": ["Servers", "Workstations", "Storage", "Services"], "owner": "Oracle Corporation", "number_of_employees": "38,600 (near peak, 2006)[1]", "website": ["www.sun.com", "Archived", "Wayback Machine"]}
{"name": "C (programming language)", "url": "https://en.wikipedia.org/wiki/C_(programming_language)", "entity_type": "language", "paradigm": ["Imperative", "procedural", "structured"], "designed_by": "Dennis Ritchie", "developer": ["Dennis Ritchie", "Bell Labs", "ANSI C"], "first_appeared": "1972; 47_years ago_(1972)[2]", "stable_release": "C18\n   / June_2018; 1_year ago_(2018-06)", "typing_discipline": ["Static", "weak", "manifest", "nominal"], "os": "Cross-platform"}
{"name": "Phillips Academy", "url": "https://en.wikipedia.org/wiki/Phillips_Academy", "entity_type": "University-preparatory school", "coordinates": ["42\u00b038\u203250\u2033N 71\u00b007\u203254\u2033W\ufeff / \ufeff42.6473\u00b0N 71.1316\u00b0W\ufeff / 42.6473; -71.1316", "Coordinates", "42\u00b038\u203250\u2033N 71\u00b007\u203254\u2033W\ufeff / \ufeff42.6473\u00b0N 71.1316\u00b0W\ufeff / 42.6473; -71.1316"], "school_type": ["Private", "Independent", "College-preparatory", "Day", "Boarding"], "motto": ["Latin", "Latin"], "established": "1778; 241_years ago_(1778)1973 \u2013 merged with Abbot Academy", "founder": "Samuel Phillips Jr.", "head_of_school": "Jim Ventre (interim)[2]", "teaching_staff": "213.6 (2017\u201318)[3]", "grades": ["9", "12", "[3]", "PG"], "gender": "Coeducational", "enrollment": "1,131 (2017\u201318)[3]", "student_to_teacher_ratio": "5.3:1 (2017\u201318)[3]", "campus": "Suburban", "athletics_conference": ["NEPSAC", "SSL"], "rival": "Phillips Exeter Academy", "accreditation": "NAIS  TABS", "newspaper": "The Phillipian", "endowment": " US$1.058 billion (June 2017)[5]", "budget": "$119 million (2015)[6]", "tuition": ["[7]", "[7]"], "affiliations": ["Eight Schools Association", "G20 Schools", "[8]"], "former_pupils": "Old Phillipians", "website": "www.andover.edu"}
{"name": "Miranda Kerr", "url": "https://en.wikipedia.org/wiki/Miranda_Kerr", "entity_type": "person", "born": ["Sydney", "New South Wales"], "residence": ["Brentwood, Los Angeles", "California", "[1]"], "spouse(s)": ["Orlando Bloom", "Evan Spiegel"], "agency": ["IMG Models (Worldwide)", "Traffic Models (Barcelona)[2]"], "website": "www.mirandakerr.net"}
{"name": "Hickory, North Carolina", "url": "https://en.wikipedia.org/wiki/Hickory,_North_Carolina", "entity_type": "City", "country": "United States", "state": "North Carolina", "counties": ["Catawba", "Burke", "Caldwell"], "\u2022_type": "Council\u2013manager", "\u2022_city": "29.8_sq_mi (77.2_km2)", "time_zone": ["UTC\u22125", "EST"], "\u2022_summer_(dst)": ["UTC\u22124", "EDT"], "area_code": "828", "fips_code": "37-31060[2]", "gnis_feature_id": "0986686[3]", "website": "www.hickorync.gov"}
{"name": "Crossroads School (Santa Monica, California)", "url": "https://en.wikipedia.org/wiki/Crossroads_School_(Santa_Monica,_California)", "entity_type": "school", "coordinates": ["34\u00b001\u203228\u2033N 118\u00b028\u203226\u2033W\ufeff / \ufeff34.02444\u00b0N 118.47389\u00b0W\ufeff / 34.02444; -118.47389", "Coordinates", "34\u00b001\u203228\u2033N 118\u00b028\u203226\u2033W\ufeff / \ufeff34.02444\u00b0N 118.47389\u00b0W\ufeff / 34.02444; -118.47389"], "website": "http://www.xrds.org/"}
{"name": "Shane Simpson", "url": "https://en.wikipedia.org/wiki/Shane_Simpson", "entity_type": "politician", "premier": "John Horgan", "preceded_by": "Joy MacPhail", "born": ["Vancouver", "British Columbia"], "political_party": "New Democrat"}
{"name": "Melanie Mark", "url": "https://en.wikipedia.org/wiki/Melanie_Mark", "entity_type": "politician", "premier": "John Horgan", "preceded_by": "Jenny Kwan", "political_party": "New Democrat"}
{"name": "Michael Lee (Canadian politician)", "url": "https://en.wikipedia.org/wiki/Michael_Lee_(Canadian_politician)", "entity_type": "Thing", "preceded_by": "Moira Stilwell", "born": "Vancouver, British Columbia, Canada", "political_party": ["BC Liberal", "Conservative"], "alma_mater": "University of Victoria"}
{"name": "George Heyman", "url": "https://en.wikipedia.org/wiki/George_Heyman", "entity_type": "politician", "premier": "John Horgan", "preceded_by": "Margaret MacDiarmid", "born": "Vancouver", "political_party": "New Democratic Party"}
{"name": "California", "url": "https://en.wikipedia.org/wiki/California", "entity_type": "populated place", "country": "United States", "before_statehood": "California Republic", "capital": "Sacramento", "largest_city": "Los Angeles", "largest_metro": "Greater Los Angeles", "\u2022_governor": ["Gavin Newsom", "D"], "\u2022_lieutenant_governor": "Eleni Kounalakis (D)", "legislature": "State Legislature", "\u2022_upper_house": "State Senate", "\u2022_lower_house": "State Assembly", "u.s._senators": ["Dianne Feinstein", "Kamala Harris"], "u.s._house_delegation": "46 Democrats7 Republicans (list)", "area_rank": "3rd", "\u2022_total": "39,557,045 (2,018 est.)[7]", "\u2022_rank": "1st", "\u2022_density_rank": "11th", "\u2022_median_household_income": "$71,805 (2,017)[8]", "\u2022_official_language": "English", "\u2022_spoken_language": ["English: 58.1%", "Spanish: 28.8%", "Chinese: 3.0%", "Filipino: 2.2%", "Other: 7.9%"], "time_zone": ["UTC-08:00", "PST"], "\u2022_summer_(dst)": ["UTC-07:00", "PDT"], "iso_3166_code": "US-CA", "website": "www.ca.gov"}
{"name": "Mable Elmore", "url": "https://en.wikipedia.org/wiki/Mable_Elmore", "entity_type": "politician", "preceded_by": "David Chudnovsky", "born": "Langley, British Columbia", "political_party": "New Democrat", "residence": "Vancouver"}
{"name": "David Eby", "url": "https://en.wikipedia.org/wiki/David_Eby", "entity_type": "politician", "premier": "John Horgan", "preceded_by": "Christy Clark", "born": "David Eby (1977-07-21) July 21, 1977 (age_42)Kitchener, Ontario, Canada", "political_party": "New Democrat", "residence": "Vancouver, British Columbia", "education": ["Schulich School of Law", "University of Waterloo"]}
{"name": "Adrian Dix", "url": "https://en.wikipedia.org/wiki/Adrian_Dix", "entity_type": "politician", "premier": "John Horgan", "preceded_by": "Dawn Black", "born": " (1964-04-20) April 20, 1964 (age_55)Vancouver, British Columbia", "political_party": "New Democrat", "spouse(s)": "Ren\u00e9e Saklikar"}
{"name": "Spencer Chandra Herbert", "url": "https://en.wikipedia.org/wiki/Spencer_Chandra_Herbert", "entity_type": "politician", "preceded_by": "Lorne Mayencourt", "born": ["Vancouver", "British Columbia"], "political_party": ["COPE", "New Democratic Party"], "residence": ["Vancouver", "British Columbia"]}
{"name": "George Chow", "url": "https://en.wikipedia.org/wiki/George_Chow", "entity_type": "politician", "premier": "John Horgan", "preceded_by": "Suzanne Anton", "political_party": ["New Democratic Party", "Vision Vancouver"], "residence": ["Vancouver", "British Columbia"]}
{"name": "Harjit Sajjan", "url": "https://en.wikipedia.org/wiki/Harjit_Sajjan", "entity_type": "member of parliament", "prime_minister": "Justin Trudeau", "preceded_by": "Wai Young", "born": ["Hoshiarpur district", "Punjab, India"], "political_party": "Liberal", "awards": ["Order of Military Merit (Canada)", "Meritorious Service Medal (Canada)", "Canadian Forces Decoration"], "allegiance": "_Canada", "branch/service": "_Canadian Army", "years_of_service": "1989\u20132015[1]", "rank": ["", "Lieutenant-Colonel"], "battles/wars": "War in Afghanistan"}
{"name": "Jenny Kwan", "url": "https://en.wikipedia.org/wiki/Jenny_Kwan", "entity_type": "politician", "preceded_by": "Michael Farnworth", "succeeded_by": "Jim Doyle", "premier": "Glen Clark", "born": "1967 (age_51\u201352)British Hong Kong", "political_party": "New Democratic", "website": "JennyKwan.ca"}
{"name": "Hedy Fry", "url": "https://en.wikipedia.org/wiki/Hedy_Fry", "entity_type": "member of parliament", "preceded_by": "Yasmin Ratansi", "minister": "Rona Ambrose", "succeeded_by": "Niki Ashton", "born": " (1941-08-06) August 6, 1941 (age_78)San Fernando, Trinidad and Tobago", "political_party": "Liberal", "relations": "Pete Fry", "residence": "Vancouver, British Columbia, Canada"}
{"name": "Jody Wilson-Raybould", "url": "https://en.wikipedia.org/wiki/Jody_Wilson-Raybould", "entity_type": "person", "prime_minister": "Justin Trudeau", "preceded_by": "Peter MacKay", "succeeded_by": "David Lametti", "born": ["Vancouver", "British Columbia"], "political_party": "Independent", "other_politicalaffiliations": "Liberal (until April 2019)", "education": ["University of Victoria (BA)", "University of British Columbia (JD)"]}
{"name": "Jean Swanson", "url": "https://en.wikipedia.org/wiki/Jean_Swanson", "entity_type": "person", "born": "1942/1943 (age_76\u201377)[2]", "nationality": "Canadian", "political_party": "COPE", "residence": ["Vancouver", "British Columbia"], "occupation": ["Activist", "writer"], "awards": "Order of Canada"}
{"name": "Kennedy Stewart (Canadian politician)", "url": "https://en.wikipedia.org/wiki/Kennedy_Stewart_(Canadian_politician)", "entity_type": "member of parliament", "preceded_by": "Murray Rankin", "succeeded_by": "Jagmeet Singh", "born": ["Halifax", "Nova Scotia"], "political_party": "Independent", "other_politicalaffiliations": "New Democratic", "residence": "Vancouver, British Columbia", "alma_mater": ["Acadia University", "Simon Fraser University", "London School of Economics"], "profession": ["Politician", "academic"], "website": "www.kennedystewart.ca"}
{"name": "Lower Mainland", "url": "https://en.wikipedia.org/wiki/Lower_Mainland", "entity_type": "WikicatMetropolitanAreasOfCanada", "country": "Canada", "province": "British Columbia", "time_zone": ["UTC\u22128", "PST"], "\u2022_summer_(dst)": "UTC\u22127 (PDT)", "postal_code_prefixes": "V", "area_codes": ["236", "604", "672", "778"]}
{"name": "Venezuelan bol\u00edvar", "url": "https://en.wikipedia.org/wiki/Venezuelan_bol%C3%ADvar", "entity_type": "currency", ".mw-parser-output_.nobold{font-weight:normal}\u2002\u200b1\u2044100": "c\u00e9ntimo", "symbol": "Bs.F.[1] or Bs.", "banknotes": "Bs.S. 2, 5, 10, 20, 50, 100, 200, 500,[1] 10,000, 20,000, 50,000", "user(s)": "_Venezuela", "central_bank": "Banco Central de Venezuela", "website": "www.bcv.org.ve", "inflation": " 1,698,488% (2018 est.)[2]", "value": ["[1]", "[3]"]}
{"name": "United Arab Emirates dirham", "url": "https://en.wikipedia.org/wiki/United_Arab_Emirates_dirham", "entity_type": "currency", ".mw-parser-output_.nobold{font-weight:normal}\u2002\u200b1\u2044100": "fils (\u0641\u0644\u0633)", "user(s)": "_United Arab Emirates", "central_bank": "Central Bank of the UAE", "website": "www.centralbank.ae", "source": "The World Factbook, 2011 est.", "pegged_with": ["USD", "[1]", "USD"]}
{"name": "Saudi riyal", "url": "https://en.wikipedia.org/wiki/Saudi_riyal", "entity_type": "currency", "user(s)": ["", "Saudi Arabia"], "central_bank": "Saudi Arabian Monetary Authority", "website": "http://www.sama.gov.sa/en-us/pages/default.aspx", "source": "Saudi Arabian Monetary Agency, Jan 2014 est.", "pegged_with": "U.S. dollar (USD)  $1 USD = 3.75 SAR"}
{"name": "Qatari riyal", "url": "https://en.wikipedia.org/wiki/Qatari_riyal", "entity_type": "currency", "user(s)": ["", "Qatar"], "central_bank": "Qatar Central Bank", "website": "www.qcb.gov.qa", "source": "The World Factbook, 2011 est.", "pegged_with": "U.S. dollar (USD)  $1 USD = 3.64 QR"}
{"name": "Panamanian balboa", "url": "https://en.wikipedia.org/wiki/Panamanian_balboa", "entity_type": "currency", ".mw-parser-output_.nobold{font-weight:normal}\u2002\u200b1\u2044100": ["", "Cent\u00e9simo"], "user(s)": ["Panama", "U.S. dollar"], "pegged_with": "U.S. dollar at par"}
{"name": "British Columbia", "url": "https://en.wikipedia.org/wiki/British_Columbia", "entity_type": "settlement", "country": "Canada", "capital": "Victoria", "largest_city": "Vancouver ", "largest_metro": "Metro Vancouver", "\u2022_type": "Constitutional monarchy", "\u2022_lieutenant_governor": "Janet Austin", "\u2022_premier": ["John Horgan", "NDP"], "legislature": "Legislative Assembly of British Columbia", "federal_representation": "(in Canadian Parliament)", "senate_seats": "6 of 105 (5.7%)", "area_rank": "Ranked 5th", "\u2022_total": "4,648,055 [1]", "\u2022_estimate_(2019_q3)": "5,071,336 [2]", "\u2022_rank": "Ranked 3rd", "demonym(s)": "British Columbian[3] ", "\u2022_total_(2015)": ["CA$", "[4]"], "\u2022_per_capita": "CA$53,267 (8th)", "time_zone": ["Pacific", "UTC", "Mountain", "UTC"], "postal_code_prefix": "V", "iso_3166_code": "CA-BC", "flower": "Pacific dogwood", "tree": "Western red cedar", "bird": "Steller's jay", "website": "www2.gov.bc.ca"}
{"name": "Omani rial", "url": "https://en.wikipedia.org/wiki/Omani_rial", "entity_type": "currency", "user(s)": "_Oman", "central_bank": "Central Bank of Oman", "website": "www.cbo.gov.om", "source": "The World Factbook, 2011 est.", "pegged_with": ["US dollar", "[1]"]}
{"name": "Netherlands Antillean guilder", "url": "https://en.wikipedia.org/wiki/Antillean_guilder", "entity_type": "currency", ".mw-parser-output_.nobold{font-weight:normal}\u20021/100": "cent", "user(s)": ["Cura\u00e7ao", "Sint Maarten", "Netherlands Antilles", "Caribbean Netherlands"], "central_bank": "Central Bank of Cura\u00e7ao and Sint Maarten", "website": "www.joh-enschede.nl", "printer": "Joh. Ensched\u00e9", "source": "Bank van de Nederlandse Antillen, 2006 Q1", "method": "CPI", "pegged_with": "U.S. dollar = \u01921.79"}
{"name": "Lebanese pound", "url": "https://en.wikipedia.org/wiki/Lebanese_pound", "entity_type": "organisation", ".mw-parser-output_.nobold{font-weight:normal}\u2002\u200b1\u2044100": "piastre", "user(s)": "_Lebanon", "central_bank": "Banque du Liban", "website": "www.bdl.gov.lb", "source": "The World Factbook, 2017 est.", "pegged_with": ["US dollar", "[1]"]}
{"name": "Kuwaiti dinar", "url": "https://en.wikipedia.org/wiki/Kuwaiti_dinar", "entity_type": "currency", ".mw-parser-output_.nobold{font-weight:normal}\u2002\u200b1\u20441,000": "fils", "user(s)": "_Kuwait", "central_bank": "Central Bank of Kuwait", "website": "www.cbk.gov.kw", "source": [" ", "The World Factbook"], "pegged_with": "Undisclosed currency basket[1]  $1 USD = 0.29963 KD"}
{"name": "Jordanian dinar", "url": "https://en.wikipedia.org/wiki/Jordanian_dinar", "entity_type": "currency", ".mw-parser-output_.nobold{font-weight:normal}\u2002\u200b1\u204410": "dirham", "\u200b1\u2044100": ["qirsh", "piastre"], "\u200b1\u20441000": "fils", "official_user(s)": "_Jordan", "unofficial_user(s)": ["West Bank", "Palestinian territories", "Israeli shekel"], "central_bank": "Central Bank of Jordan", "website": "www.cbj.gov.jo", "source": "The World Factbook, 2009 est.", "pegged_with": ["US dollar", "[1]"]}
{"name": "Iraqi dinar", "url": "https://en.wikipedia.org/wiki/Iraqi_dinar", "entity_type": "currency", ".mw-parser-output_.nobold{font-weight:normal}\u2002\u200b1\u20441,000": "fils", "user(s)": "_Iraq", "central_bank": "Central Bank of Iraq", "website": "www.cbi.iq"}
{"name": "Hong Kong dollar", "url": "https://en.wikipedia.org/wiki/Hong_Kong_dollar", "entity_type": "currency", "\u200b1\u2044100": "\u4ed9 (s\u012bn) (Chinese)cent (English)", "symbol": "\"$\", \"HK$\" or \"\u5143\"", "banknotes": ["$10", "$20", "$50", "$100", "$500", "$1,000"], "rarely_used": "$150", "coins": ["10\u00a2", "20\u00a2", "50\u00a2", "$1", "$2", "$5", "$10"], "official_user(s)": "_Hong Kong", "unofficial_user(s)": "_Macau", "monetary_authority": "Hong Kong Monetary Authority", "website": "www.hkma.gov.hk", "printer": ["Hong Kong Monetary Authority", "HSBC", "Bank of China", "Standard Chartered", "Hong Kong Note Printing"], "inflation": "1.7%[1], Jan 2018 est.", "pegged_with": ["US dollar", "[2]"], "pegged_by": "Macau pataca (MOP$)  HK$1 = MOP$1.03"}
{"name": "Eritrean nakfa", "url": "https://en.wikipedia.org/wiki/Eritrean_nakfa", "entity_type": "currency", ".mw-parser-output_.nobold{font-weight:normal}\u20021/100": "cent", "symbol": ["Latin script", "Ge'ez script", "Arabic script"], "user(s)": "_Eritrea", "central_bank": "Bank of Eritrea", "source": "April 2017[1]", "pegged_with": "U.S. dollar = 15 nakfa"}
{"name": "East Timor centavo coins", "url": "https://en.wikipedia.org/wiki/East_Timor_centavo_coins", "entity_type": "currency", ".mw-parser-output_.nobold{font-weight:normal}\u2002100": "dollar", "user(s)": ["East Timor", "U.S. dollar"], "central_bank": "East Timor", "pegged_with": "United States dollar (at 1:100 ratio)"}
{"name": "Djiboutian franc", "url": "https://en.wikipedia.org/wiki/Djiboutian_franc", "entity_type": "currency", ".mw-parser-output_.nobold{font-weight:normal}\u20021/100": "centime", "user(s)": "_Djibouti", "central_bank": "Central Bank of Djibouti", "website": "www.banque-centrale.dj", "source": "The World Factbook, 2013 est.", "pegged_with": "U.S. dollar = 177.721 francs"}
{"name": "Cuban convertible peso", "url": "https://en.wikipedia.org/wiki/Cuban_convertible_peso", "entity_type": "currency", ".mw-parser-output_.nobold{font-weight:normal}\u20021/100": "centavo convertible", "user(s)": "_Cuba", "central_bank": "Central Bank of Cuba", "website": "www.cadeca.cu", "source": "The World Factbook, 2006 est.", "pegged_with": "1.00 CUC = 1.00 U.S. dollar"}
{"name": "Cayman Islands dollar", "url": "https://en.wikipedia.org/wiki/Cayman_Islands_dollar", "entity_type": "currency", ".mw-parser-output_.nobold{font-weight:normal}\u20021/100": "cent", "symbol": "$", "user(s)": ["Cayman Islands", "UK"], "central_bank": "Cayman Islands Monetary Authority", "website": "www.cimoney.com.ky", "source": "March 2009[1]", "pegged_with": "United States Dollar, 1.00 KYD = 1.20 USD"}
{"name": "Bermudian dollar", "url": "https://en.wikipedia.org/wiki/Bermudian_dollar", "entity_type": "currency", ".mw-parser-output_.nobold{font-weight:normal}\u20021/100": "cent", "symbol": "$", "user(s)": "_Bermuda (alongside the United States dollar)", "monetary_authority": "Bermuda Monetary Authority", "website": "bma.bm", "printer": "De La Rue", "mint": "Royal Mint"}
{"name": "Belize dollar", "url": "https://en.wikipedia.org/wiki/Belize_dollar", "entity_type": "currency", ".mw-parser-output_.nobold{font-weight:normal}\u2002\u200b1\u2044100": "cent", "symbol": "$", "user(s)": "_Belize", "central_bank": "Central Bank of Belize", "website": "www.centralbank.org.bz", "source": "The World Factbook, 2007 est.", "pegged_with": "United States dollar"}
{"name": "Barbadian dollar", "url": "https://en.wikipedia.org/wiki/Barbadian_dollar", "entity_type": "currency", ".mw-parser-output_.nobold{font-weight:normal}\u20021/100": "cent", "user(s)": "_Barbados", "central_bank": "Central Bank of Barbados", "website": "www.centralbank.org.bb", "source": "Central Bank of Barbados, October 2007.", "pegged_with": "US dollar  US$ = Bds$2"}
{"name": "Bahraini dinar", "url": "https://en.wikipedia.org/wiki/Bahraini_dinar", "entity_type": "currency", ".mw-parser-output_.nobold{font-weight:normal}\u2002\u200b1\u20441000": "fils", "user(s)": "_Bahrain", "monetary_authority": "Central Bank of Bahrain", "website": "www.cbb.gov.bh", "source": "The World Factbook, 2008 est.", "pegged_with": "U.S. dollar (USD)  $1 USD = 0.376 BD"}
{"name": "Bahamian dollar", "url": "https://en.wikipedia.org/wiki/Bahamian_dollar", "entity_type": "currency", ".mw-parser-output_.nobold{font-weight:normal}\u20021/100": "cent", "symbol": "$", "user(s)": ["The Bahamas", "Turks and Caicos Islands", "United States dollar"], "central_bank": "Central Bank of The Bahamas", "website": "www.centralbankbahamas.com", "printer": ["De La Rue", "Giesecke+Devrient", "Oberthur Technologies"], "source": "The World Factbook, (2007 est.)", "pegged_with": "US dollar at par"}
{"name": "Aruban florin", "url": "https://en.wikipedia.org/wiki/Aruban_florin", "entity_type": "currency", ".mw-parser-output_.nobold{font-weight:normal}\u2002\u200b1\u2044100": "cent", "symbol": "Afl.[1]", "user(s)": ["Aruba", "Kingdom of the Netherlands"], "central_bank": "Central Bank of Aruba", "website": "www.joh-enschede.nl", "printer": "Joh. Ensched\u00e9", "inflation": "4.4% (2011)[2]", "method": "CPI", "pegged_with": "U.S. dollar = 1.79 florin"}
{"name": "Bureau of Engraving and Printing", "url": "https://en.wikipedia.org/wiki/Bureau_of_Engraving_and_Printing", "entity_type": "organisation", "formed": "August_29, 1862; 157 years ago_(1862-08-29)[1]", "headquarters": "300 14th St SWWashington, D.C., U.S.", "agency_executive": ["Leonard R. Olijar, Director"], "parent_agency": "Department of the Treasury", "website": "moneyfactory.gov"}
{"name": "Washington, D.C.", "url": "https://en.wikipedia.org/wiki/Washington,_D.C.", "entity_type": "Federal district", "named_for": ["George Washington", "Christopher Columbus"], "\u2022_mayor": ["Muriel Bowser", "D"], "\u2022_d.c._council": ["Phil Mendelson_(D), Chairman", "Anita Bonds_(D), At\u2011large", "David Grosso_(I), At\u2011large", "Robert White_(D), At\u2011large", "Elissa Silverman_(I), At\u2011large", "Brianne Nadeau_(D), Ward_1", "Jack Evans_(D), Ward_2", "Mary Cheh_(D),Ward_3", "Brandon Todd_(D), Ward_4", "Kenyan McDuffie_(D), Ward_5", "Charles Allen_(D), Ward_6", "Vincent C. Gray_(D), Ward_7", "Trayon White_(D), Ward_8"], "\u2022_u.s._house": ["Eleanor Holmes Norton", "Delegate"], "\u2022_federal_capital_city_and_federal_district": "68.34_sq_mi (177.0_km2)", "\u2022_rank": ["20th, U.S.", "[update]"], "\u2022_metro": "6,216,589 (6th, U.S.)", "\u2022_csa": "9,665,892 (4th, U.S.)", "\u2022_demonym": ["[2]", "[3]"], "time_zone": ["UTC\u22125", "EST"], "\u2022_summer_(dst)": ["UTC\u22124", "EDT"], "area_code(s)": "202", "major_airports": ["Washington Dulles", "Washington National", "Baltimore\u2013Washington International"], "commuter_rail": ["", ""], "rapid_transit": ["", "", "", "", "", ""], "website": "dc.gov"}
{"name": "Canada", "url": "https://en.wikipedia.org/wiki/Canada", "entity_type": "populated place", "capital": ["Ottawa", "45\u00b024\u2032N 75\u00b040\u2032W\ufeff / \ufeff45.400\u00b0N 75.667\u00b0W\ufeff / 45.400; -75.667"], "largest_city": "Toronto", "official_languages": ["English", "French"], "ethnic_groups__(2016)[2]": [" 74.3% European ", " 14.5% Asian ", " 5.1% Indigenous ", " 3.4% Caribbean and Latin American ", " 2.9% African ", " 0.2% Oceanian"], "religion__(2011)[3]": ["67.2% Christianity ", "23.9% Irreligious", "3.2% Islam", "1.5% Hinduism ", "1.4% Sikhism ", "1.1% Buddhism ", "1.0% Judaism ", "0.6% Other"], "demonym(s)": "Canadian", "government": ["Federal", "parliamentary", "constitutional monarchy", "[4]"], "\u2022_monarch": "Elizabeth II", "\u2022_governor_general": "Julie Payette", "\u2022_prime_minister": "Justin Trudeau", "legislature": "Parliament", "\u2022_upper_house": "Senate", "\u2022_lower_house": "House of Commons", "\u2022_total_area": "9,984,670_km2 (3,855,100_sq_mi) (2nd)", "\u2022_q2_2019_estimate": ["[5]", "38th"], "\u2022_2016_census": "35,151,728[6]", "\u2022_density": "3.92/km2 (10.2/sq_mi) (228th)", "\u2022_total": ["[7]", "10th"], "\u2022_per_capita": ["[7]", "18th"], "gini_(2015)": "_31.8[8]medium", "hdi_(2017)": ["[9]", "12th"], "currency": ["Canadian dollar", "CAD"], "time_zone": "UTC\u22123.5 to \u22128", "\u2022_summer_(dst)": "UTC\u22122.5 to \u22127", "date_format": ["AD", "[10]"], "calling_code": "+1", "iso_3166_code": "CA", "internet_tld": ".ca"}
{"name": "Federal Reserve", "url": "https://en.wikipedia.org/wiki/Federal_Reserve_System", "entity_type": "Institution108053576", "headquarters": ["Eccles Building", "Washington, D.C."], "chair": "Jerome Powell", "central_bank_of": "United States", "currency": ["United States dollar", "ISO 4217"], "reserve_requirements": "0 to 10%", "bank_rate": "3.00%[1]", "interest_rate_target": "1.75% to 2.00%[2]", "interest_on_reserves": "1.80%[3]", "website": ["federalreserve.gov", ""], "jurisdiction": "Federal government of the United States", "child_agency": ["Federal Open Market Committee"], "key_document": ["Federal Reserve Act"]}
{"name": "Turks and Caicos Islands", "url": "https://en.wikipedia.org/wiki/Turks_and_Caicos_Islands", "entity_type": "populated place", "sovereign_state": "United Kingdom", "capital": "Cockburn Town", "largest_city": "Providenciales", "official_languages": "English", "ethnic_groups": ["Afro-Caribbean", "Caucasian", "mixed", "East Indian"], "government": ["Dependency", "constitutional monarchy"], "\u2022_monarch": "Elizabeth II", "\u2022_deputy_governor": "Anya Williams", "\u2022_premier": "Sharlene Cartwright-Robinson", "\u2022_uk_government_minister": "Tariq Ahmad", "legislature": "House of Assembly", "\u2022_2012_census": "31,458[2]", "currency": ["United States dollar", "USD"], "time_zone": ["UTC-05:00", "EST"], "\u2022_summer_(dst)": ["UTC-04:00", "EDT"], "calling_code": ["+1", "649"], "iso_3166_code": "TC", "internet_tld": ".tc"}
{"name": "Panama", "url": "https://en.wikipedia.org/wiki/Panama", "entity_type": "populated place", "capitaland_largest_city": ["Panama City", "8\u00b058\u2032N 79\u00b032\u2032W\ufeff / \ufeff8.967\u00b0N 79.533\u00b0W\ufeff / 8.967; -79.533"], "official_languages": "Spanish", "ethnic_groups__(2010[1])": ["65% Mestizo", "12.3% Native Panamanians", "9.2% Afro-Panamanian", "6.8% Mulatto", "6.7% White Panamanian"], "demonym(s)": "Panamanian", "government": ["Unitary", "presidential", "constitutional republic"], "\u2022_president": "Laurentino Cortizo", "legislature": "National Assembly", "\u2022_total": ["[6]", "72nd"], "\u2022_2018_estimate": ["[3]", "[4]"], "\u2022_2010_census": "3,405,813[5]", "\u2022_density": "56/km2 (145.0/sq_mi) (162)", "\u2022_per_capita": ["[6]", "51st"], "gini_(2017)": "_49.9[7]high", "hdi_(2017)": ["[8]", "66th"], "currency": ["Balboa (PAB)", "United States dollar (USD)"], "time_zone": ["UTC", "EST"], "calling_code": "+507", "iso_3166_code": "PA", "internet_tld": ".pa"}
{"name": "Palau", "url": "https://en.wikipedia.org/wiki/Palau", "entity_type": "populated place", "capital": ["Ngerulmud", "7\u00b030\u2032N 134\u00b037\u2032E\ufeff / \ufeff7.500\u00b0N 134.617\u00b0E\ufeff / 7.500; 134.617"], "largest_city": ["Koror", "7\u00b020\u2032N 134\u00b029\u2032E\ufeff / \ufeff7.333\u00b0N 134.483\u00b0E\ufeff / 7.333; 134.483"], "official_languages": ["English", "Palauan", "Japanese", "Sonsorolese", "Tobian"], "ethnic_groups__(2015[1])": ["72.5% Palauan", "1% Carolinian", "2.4% Other Micronesian", "16.3% Filipinos", "1.6% Chinese", "1.6% Vietnamese", "3.4% Other Asian", "0.9% White", "0.3% Other"], "demonym(s)": "Palauan", "government": ["Unitary", "presidential", "constitutional republic", "non-partisan democracy"], "\u2022_president": "Tommy Remengesau", "\u2022_vice_president": "Raynold Oilouch", "\u2022_senate_president": "Hokkons Baules", "legislature": "Olbiil era Kelulau", "\u2022_upper_house": "Senate", "\u2022_lower_house": "House of Delegates", "\u2022_total": "$322 million[4]", "\u2022_2018_estimate": ["[2]", "[3]", "224th"], "\u2022_per_capita": "$17,438[4]", "hdi_(2017)": ["[5]", "61st"], "currency": ["United States dollar", "USD"], "time_zone": "UTC+9", "\u2022_summer_(dst)": "UTC+9 (not observed)", "calling_code": "+680", "iso_3166_code": "PW", "internet_tld": ".pw"}
{"name": "Marshall Islands", "url": "https://en.wikipedia.org/wiki/Marshall_Islands", "entity_type": "populated place", "capitaland_largest_city": ["Majuro", "[1]", "7\u00b07\u2032N 171\u00b04\u2032E\ufeff / \ufeff7.117\u00b0N 171.067\u00b0E\ufeff / 7.117; 171.067"], "official_languages": ["English", "Marshallese"], "ethnic_groups__(2006[2])": ["92.1% Marshallese", "5.9% Mixed Marshallese", "2% Others"], "demonym(s)": "Marshallese", "government": ["Unitary", "parliamentary republic"], "\u2022_president": "Hilda Heine", "\u2022_speaker": ["Kenneth Kedi", "[3]"], "legislature": "Nitijela", "\u2022_total": "181.43_km2 (70.05_sq_mi) (189th)", "\u2022_2018_estimate": ["[4]", "[5]", "203rd"], "\u2022_2011_census": "53,158[6]", "\u2022_density": "293.0/km2 (758.9/sq_mi) (28th)", "\u2022_per_capita": "$3,866[7]", "currency": ["United States dollar", "USD"], "time_zone": "UTC+12 (MHT)", "calling_code": "+692", "iso_3166_code": "MH", "internet_tld": ".mh"}
{"name": "Caribbean Netherlands", "url": "https://en.wikipedia.org/wiki/Caribbean_Netherlands", "entity_type": "Netherlands", "country": "_Netherlands", "special_municipalities": ["Bonaire", "Sint Eustatius", "Saba"], "incorporated_into_the_netherlands": "10 October 2010 (dissolution of the Netherlands Antilles)", "\u2022_lt._governors": ["Edison Rijna (Bonaire)", "Mike Franco (Sint Eustatius)", "Jonathan Johnson (Saba)"], "\u2022_total": ["[1]", "[2]"], "\u2022_official": "Dutch", "\u2022_recognised_regional": ["English (Saba, St. Eustatius)", "Papiamentu (Bonaire)[3]"], "time_zone": ["UTC\u22124", "AST"], "calling_code": "+599", "iso_3166_code": ["BQ", "NL-BQ1, NL-BQ2, NL-BQ3"], "currency": ["United States dollar", "USD", "[4]"], "internet_tld": [".nl", ".bq[a]"]}
{"name": "Federated States of Micronesia", "url": "https://en.wikipedia.org/wiki/Federated_States_of_Micronesia", "entity_type": "populated place", "capital": ["Palikir", "6\u00b055\u2032N 158\u00b011\u2032E\ufeff / \ufeff6.917\u00b0N 158.183\u00b0E\ufeff / 6.917; 158.183"], "largest_town": ["Weno", "[1]"], "official_language": "English", "recognized_regionallanguages": ["Chuukese", "Kosraean", "Pohnpeian", "Yapese"], "ethnic_groups__(2000)": ["48.8% Chuukese", "24.2% Pohnpeian", "6.2% Kosraean", "5.2% Yapese", "4.5% Outer Yapese", "1.8% Asian", "1.5% Polynesian", "6.4% Other", "1.4% Unknown"], "demonym(s)": "Micronesian", "government": ["Federal", "parliamentary republic", "non-partisan democracy"], "\u2022_president": "David Panuelo", "\u2022_vice_president": "Yosiwo George", "legislature": "Congress", "\u2022_total": "702_km2 (271_sq_mi) (177th)", "\u2022_2018_estimate": ["[2]", "[3]", "192nd"], "\u2022_density": "158.1/km2 (409.5/sq_mi) (75th)", "\u2022_per_capita": "$3,735[4]", "gini_(2013)": "40.1[5]medium", "hdi_(2015)": ["[6]", "127th"], "currency": ["United States dollar", "USD"], "time_zone": "UTC+10 and +11", "calling_code": "+691", "iso_3166_code": "FM", "internet_tld": ".fm"}
{"name": "El Salvador", "url": "https://en.wikipedia.org/wiki/El_Salvador", "entity_type": "populated place", "capitaland_largest_city": ["San Salvador", "13\u00b041\u203256\u2033N 89\u00b011\u203229\u2033W\ufeff / \ufeff13.69889\u00b0N 89.19139\u00b0W\ufeff / 13.69889; -89.19139"], "official_languages": "Spanish", "ethnic_groups": ["86.3% Mestizo", "12.7% White", "0.23%  Indigenous", "0.13%  Black", "0.64%  Other [1]"], "demonym(s)": "SalvadoranGuanaco (informal)", "government": ["Unitary", "presidential", "constitutional republic"], "\u2022_president": "Nayib Bukele", "\u2022_vice_president": "F\u00e9lix Ulloa", "legislature": "Legislative Assembly", "\u2022_total": ["[5]", "103rd"], "\u2022_2018_estimate": ["[3]", "[4]", "99th"], "\u2022_density": "303.1/km2 (785.0/sq_mi) (47th)", "\u2022_per_capita": ["[5]", "113th"], "gini_(2016)": "_40.6[6]medium", "hdi_(2017)": ["[7]", "121st"], "currency": ["United States dollar", "USD"], "time_zone": ["UTC", "CST"], "calling_code": "+503b", "iso_3166_code": "SV", "internet_tld": ".sv"}
{"name": "Ecuador", "url": "https://en.wikipedia.org/wiki/Ecuador", "entity_type": "populated place", "capitaland_largest_city": ["Quito", "00\u00b09\u2032S 78\u00b021\u2032W\ufeff / \ufeff0.150\u00b0S 78.350\u00b0W\ufeff / -0.150; -78.350"], "official_languages": ["Spanish", "[1]"], "recognized_regional_languages": ["Kichwa", "Shuar", "[2]"], "ethnic_groups__([3])": ["70% Mestizo", "7%  Black/Afro-Ecuadorian", "7% Montubio", "7% White", "7% Amerindian", "2% Others"], "demonym(s)": "Ecuadorian", "government": ["Unitary", "presidential", "constitutional republic"], "\u2022_president": "Len\u00edn Moreno", "\u2022_vice_president": "Otto Sonnenholzner", "legislature": "National Assembly", "\u2022_recognized_by_spain": "February 16, 1840[4]", "\u2022_total": ["[1]", "73rd"], "\u2022_2018_estimate": ["[5]", "[6]", "66th"], "\u2022_census": "17,300,000[7]", "\u2022_density": "61/km2 (158.0/sq_mi) (151st)", "\u2022_per_capita": "$6,155[8]", "gini_(2014)": "_45.4[9]medium", "hdi_(2017)": ["[10]", "86th"], "currency": ["United States dollar", "USD"], "time_zone": ["UTC", "ECT", "GALT"], "calling_code": "+593", "iso_3166_code": "EC", "internet_tld": ".ec"}
{"name": "East Timor", "url": "https://en.wikipedia.org/wiki/East_Timor", "entity_type": "populated place", "capitaland_largest_city": ["Dili", "8\u00b033\u2032S 125\u00b034\u2032E\ufeff / \ufeff8.55\u00b0S 125.56\u00b0E\ufeff / -8.55; 125.56", "Coordinates", "8\u00b033\u2032S 125\u00b034\u2032E\ufeff / \ufeff8.55\u00b0S 125.56\u00b0E\ufeff / -8.55; 125.56"], "official_languages": ["Portuguese", "Tetum"], ".mw-parser-output_.nobold{font-weight:normal}national_languages": ["\nAtauru\nBaikeno\nBekais\nBunak\nFataluku\nGaloli\nHabun\nIdalaka\nKawaimina\nKemak\nMakalero\nMakasae\nMakuva\nMambai\nTokodede", "Atauru", "Baikeno", "Bekais", "Bunak", "Fataluku", "Galoli", "Habun", "Idalaka", "Kawaimina", "Kemak", "Makalero", "Makasae", "Makuva", "Mambai", "Tokodede"], "religion__(2010[1])": "96.9% Roman Catholic3.1% other religions", "demonym(s)": ["[2]", "[3]"], "government": ["Unitary", "semi-presidential", "constitutional republic", "[4]", "[5]", "[6]"], "\u2022_president": "Francisco Guterres", "\u2022_prime_minister": "Taur Matan Ruak", "legislature": "National Parliament", "\u2022_total": ["[7]", "154th"], "\u2022_2015_census": "1,167,242[8]", "\u2022_per_capita": "$2,422[9]", "hdi_(2017)": ["[10]", "132nd"], "currency": ["United States dollar", "USD"], "time_zone": "UTC+9", "calling_code": "+670", "iso_3166_code": "TL", "internet_tld": ".tlc"}
{"name": "British Virgin Islands", "url": "https://en.wikipedia.org/wiki/British_Virgin_Islands", "entity_type": "populated place", "sovereign_state": "United Kingdom", "before_annexation": "Dutch West Indies", "capitaland_largest_city": ["Road Town", "18\u00b025\u203253\u2033N 64\u00b037\u203223\u2033W\ufeff / \ufeff18.43139\u00b0N 64.62306\u00b0W\ufeff / 18.43139; -64.62306"], "official_languages": "English", "ethnic_groups__(2010)": ["Multiracial", "East Indian"], "government": ["Parliamentary", "dependency", "constitutional monarchy"], "\u2022_monarch": "Elizabeth II", "\u2022_governor": "Augustus Jaspert", "\u2022_premier": "Andrew Fahie", "\u2022_uk_government_minister": "Tariq Ahmad", "legislature": "House of Assembly", "\u2022_2018_census": "31,758[1]", "\u2022_density": "260/km2 (673.4/sq_mi) (68th)", "\u2022_total": "$500 million[2]", "currency": ["United States dollar", "USD"], "time_zone": ["UTC-4:00", "AST"], "calling_code": ["+1", "284"], "iso_3166_code": "VG", "internet_tld": ".vg"}
{"name": "Dollar sign", "url": "https://en.wikipedia.org/wiki/Dollar_sign", "entity_type": "place", "currency": ["dollar", "peso"], "see_also": "U+20B1 \u20b1 PESO SIGN (HTML_&#8369;) (Philippine peso)"}
{"name": "Dime (United States coin)", "url": "https://en.wikipedia.org/wiki/Dime_(United_States_coin)", "entity_type": "agent", "value": "0.10 U.S. dollar", "mass": "2.268_g (0.0729_troy_oz)", "edge": "118 reeds", "composition": ["Cu", "Ni"], "design": ["Olive branch", "torch", "oak branch"], "designer": "John R. Sinnock"}
{"name": "Quarter (United States coin)", "url": "https://en.wikipedia.org/wiki/Quarter_(United_States_coin)", "entity_type": "Currency113385913", "edge": "119 reeds", "composition": ["Ag", "Cu", "Cu", "Ni"], "design": "George Washington", "designer": ["John Flanagan", "Houdon", "William Cousins"]}
{"name": "Union (United States coin)", "url": "https://en.wikipedia.org/wiki/Union_(coin)", "entity_type": "Thing", "value": "100 US Dollars", "composition": ["Au", "Cu"], "design": ["Liberty", "caduceus"], "designer": "George T. Morgan"}
{"name": "Oculus VR", "url": "https://en.wikipedia.org/wiki/Oculus_Studios", "entity_type": "Subsidiary", "type": "Division", "industry": "Virtual reality", "founded": "July_2012; 7_years ago_(2012-07) in Irvine, California, U.S.", "founded_by": ["Palmer Luckey", "Brendan Iribe", "Michael Antonov", "Nate Mitchell"], "headquarters": "Menlo Park, California, U.S.", "key_people": ["Andrew Bosworth (Vice President, VR/AR)"], "products": ["Samsung Gear VR", "Oculus Rift CV1Oculus GoOculus Rift SOculus Quest", "Oculus Medium"], "brands": "Oculus Rift", "parent": "Facebook Technologies, LLC (Facebook, Inc.)", "subsidiaries": "Oculus Studios", "website": "oculus.com"}
{"name": "Oculus Rift CV1", "url": "https://en.wikipedia.org/wiki/Oculus_Rift_CV1", "entity_type": "Thing", "developer": "Oculus VR", "manufacturer": "Oculus VR", "type": "Virtual reality headset", "generation": "1[1]", "discontinued": ["[2]", "[3]", "[4]"], "units_sold": "547,000 (July 2019 estimate)[5]", "display": ["PenTile", "[6]", "OLED"], "sound": ["Integrated 3D audio headphones (user removable/exchangeable)"], "input": "6DOF (3-axis rotational tracking + 3-axis positional tracking) through USB-connected IR LED sensor, which tracks via the \"constellation\" method", "controller_input": ["Xbox One game controller.", "Oculus Touch motion tracked controllers."], "connectivity": ["HDMI 1.3", "USB 3.0", "USB 2.0"], "successor": "Oculus Rift S", "website": "Official website"}
{"name": "Samsung Gear VR", "url": "https://en.wikipedia.org/wiki/Samsung_Gear_VR", "entity_type": "Smartphone", "developer": ["Samsung", "Oculus VR"], "manufacturer": "Samsung", "product_family": ["Samsung Galaxy", "Samsung Gear"], "type": "Virtual reality headset", "units_sold": "5 million[1]", "mass": "345 grams[2] (without smartphone)", "successor": "Oculus Go", "website": "Official website"}
{"name": "Palmer Luckey", "url": "https://en.wikipedia.org/wiki/Palmer_Luckey", "entity_type": "person", "born": ["Long Beach, California", "[1]"], "education": "California State University, Long Beach", "occupation": "Founder of Anduril Industries", "known_for": ["Oculus VR", "Oculus Rift"], "net_worth": "US$730 million (2016)[2]"}
{"name": "Omid Kordestani", "url": "https://en.wikipedia.org/wiki/Omid_Kordestani", "entity_type": "person", "born": ["Tehran", "[1]", "Iran", "[2]"], "residence": ["Atherton, California", "[3]"], "alma_mater": ["San Jose State University", "BS", "Stanford University", "MBA"], "occupation": ["Executive Chairman", "Twitter"]}
{"name": "Irvine, California", "url": "https://en.wikipedia.org/wiki/Irvine,_California", "entity_type": "Charter city", "state": "_California", "county": " Orange", "incorporated": ["[3]", "[4]"], "named_for": "James Irvine", "\u2022_type": ["Council-Manager", "[3]"], "\u2022_city_manager": "John Russo[5]", "\u2022_rank": ["3rd", "14th", "72nd"], "time_zone": ["UTC\u221208:00", "Pacific"], "\u2022_summer_(dst)": "UTC\u221207:00 (PDT)", "area_codes": ["949", "657/714"], "fips_code": ["06-36770", "[11]"], "gnis_feature_ids": ["1660804", "2410116"], "sphere_of_influence": "74 miles[3]", "website": "cityofirvine.org", "insect": ["Western Swallowtail Butterfly", "[3]"], "flower": ["Lily of the Nile", "[3]"], "tree": ["Camphor", "[3]"], "vegetable": ["Asparagus", "[3]"]}
{"name": "Stanford University", "url": "https://en.wikipedia.org/wiki/Stanford_University", "entity_type": "Private university", "motto": ["German", "[1]"], "motto_in_english": "The wind of freedom blows[1]", "type": ["Private", "research university"], "established": ["[2]", "[3]"], "founder": ["Leland", "Jane Stanford"], "endowment": "$26.46 billion (2018)[4]", "budget": "$6.5 billion (2018\u201319)[5]", "president": "Marc Tessier-Lavigne", "provost": "Persis Drell", "academic_staff": "2,219[6]", "administrative_staff": ["[7]", "SHC"], "undergraduates": "7,083[6]", "postgraduates": "9,437[6]", "location": ["Stanford", "California", "Coordinates", "37\u00b025\u203242\u2033N 122\u00b010\u203208\u2033W\ufeff / \ufeff37.4282293\u00b0N 122.1688576\u00b0W\ufeff / 37.4282293; -122.1688576", "[8]"], "campus": ["Suburban", "[6]"], "academic_term": "Quarter", "colors": "Cardinal and white[9]_________", "nickname": "Cardinal", "sporting_affiliations": ["Pac-12 (primary)", "IRA", "PCCSC", "MPSF"], "mascot": "None[10]", "website": "www.stanford.edu"}
{"name": "Evan Williams (Internet entrepreneur)", "url": "https://en.wikipedia.org/wiki/Evan_Williams_(Internet_entrepreneur)", "entity_type": "person", "born": ["Clarks", "Nebraska"], "residence": "San Francisco, California, US", "nationality": "American", "citizenship": "United States", "occupation": "Internet Entrepreneur", "known_for": ["Blogger", "Twitter", "Medium"], "net_worth": ["billion", "[1]"], "board_member_of": ["Twitter", "[2]"]}
{"name": "Biz Stone", "url": "https://en.wikipedia.org/wiki/Biz_Stone", "entity_type": "person", "residence": "Marin County, California", "nationality": "American", "citizenship": "United States", "occupation": ["Creative director", "software engineer", "businessperson"], "known_for": ["Twitter", "Jelly"]}
{"name": "Jack Dorsey", "url": "https://en.wikipedia.org/wiki/Jack_Dorsey", "entity_type": "person", "born": ["[1]", "St. Louis", "Missouri"], "residence": ["San Francisco", "California"], "alma_mater": ["University of Missouri\u2013Rolla", "New York University"], "occupation": ["Programmer", "internet entrepreneur"], "known_for": ["Twitter", "Square, Inc."], "salary": ["Square, Inc.", "Twitter", "[2]"], "net_worth": ["US$", "[3]"], "title": "CEO of Twitter and Square, Inc.", "political_party": "Democratic", "board_member_of": ["Twitter[4]", "Square, Inc.[5]"]}
{"name": "New York Stock Exchange", "url": "https://en.wikipedia.org/wiki/New_York_Stock_Exchange", "entity_type": "building", "type": "Stock exchange", "location": ["New York City", "New York"], "founded": "May_17, 1792; 227 years ago_(1792-05-17)[1]", "owner": "Intercontinental Exchange", "key_people": ["Jeffrey Sprecher(Chairman)", "Betty Liu(Executive Vice Chairman)", "Stacey Cunningham(President)"], "currency": "United States dollar", "no._of_listings": "2,400[2]", "market_cap": "US$22.9 trillion (2019)[3]", "indices": ["Dow Jones Industrial Average", "S&P 500", "NYSE Composite"], "website": "nyse.com\n", "coordinates": ["40\u00b042\u203224.6\u2033N 74\u00b00\u203239.7\u2033W\ufeff / \ufeff40.706833\u00b0N 74.011028\u00b0W\ufeff / 40.706833; -74.011028", "Coordinates", "40\u00b042\u203224.6\u2033N 74\u00b00\u203239.7\u2033W\ufeff / \ufeff40.706833\u00b0N 74.011028\u00b0W\ufeff / 40.706833; -74.011028"], "architect": ["Trowbridge & Livingston", "George B. Post"], "architectural_style": "Classical Revival", "nrhp_reference_#": "78001877", "added_to_nrhp": "June 2, 1978[4]", "designated_nhl": "June 2, 1978[5]"}
{"name": "Snap Inc.", "url": "https://en.wikipedia.org/wiki/Snap_Inc.", "entity_type": "Privately held company", "type": "Public", "traded_as": ["NYSE", "SNAP"], "isin": ["US83304A1060_", ""], "industry": ["Hardware", "Social media"], "founded_by": ["Evan Spiegel", "Bobby Murphy"], "headquarters": "Santa Monica, California, U.S.", "key_people": ["Michael Lynton", "Chairman", "Evan Spiegel", "CEO", "Director", "Bobby Murphy", "CTO", "CBO"], "products": ["Snapchat", "Spectacles", "Bitmoji"], "revenue": " US$ 1.18 billion (2018)", "owner": ["Evan Spiegel", "Bobby Murphy"], "website": "Snap.com"}
{"name": "Bobby Murphy (businessman)", "url": "https://en.wikipedia.org/wiki/Bobby_Murphy_(businessman)", "entity_type": "person", "born": "Robert Cornelius Murphy (1988-07-19) July 19, 1988 (age_31)Berkeley, California, U.S.", "residence": ["Venice, Los Angeles", "California"], "nationality": "American", "citizenship": "United States", "education": "The School of the Madeleine, Saint Mary's College High School", "alma_mater": ["Stanford University", "B.S."], "occupation": ["Entrepreneur", "Software engineer"], "known_for": ["Snap Inc.", "Snapchat"], "home_town": ["Berkeley", "California"], "net_worth": ["US$", "[1]"], "title": ["CTO", "Snap Inc."]}
{"name": "Snapchat", "url": "https://en.wikipedia.org/wiki/Snapchat", "entity_type": "software", "original_author(s)": ["Evan Spiegel", "Bobby Murphy", "Reggie Brown"], "developer(s)": "Snap Inc.", "android": "10.70.5.0 / November_19, 2019; 7 days ago_(2019-11-19)[1]", "ios": "10.68.0.63 / October_17, 2019; 40 days ago_(2019-10-17)[2]", "android_(beta)": "10.68.6.0 / October_19, 2019; 38 days ago_(2019-10-19)[3]", "operating_system": ["Android", "iOS"], "size": ["MB", "[4]", "[5]"], "type": ["Photo sharing", "Instant messaging", "Video chat", "Multimedia"], "license": "Proprietary software", "alexa_rank": ["[update]", "[6]"], "website": "www.snapchat.com"}
{"name": "Vine (service)", "url": "https://en.wikipedia.org/wiki/Vine_(service)", "entity_type": "software", "original_author(s)": ["Dom Hofmann", "Rus Yusupov", "Colin Kroll"], "developer(s)": "Vine Labs, Inc. (Twitter)", "operating_system": ["Windows", "macOS", "Android", "iOS", "Windows Phone", "Xbox One"], "available_in": "25 languages[citation needed]", "type": "Video sharing", "license": "Freeware", "alexa_rank": " 34,336 (April 2019)[1]", "website": "vine.co"}
{"name": "San Francisco", "url": "https://en.wikipedia.org/wiki/San_Francisco", "entity_type": "Consolidated city-county", "state": "_California", "csa": "San Jose\u2013San Francisco\u2013Oakland", "metro": "San Francisco\u2013Oakland\u2013Hayward", "mission": "June 29, 1776[2]", "incorporated": "April 15, 1850[3]", "founded_by": ["Jos\u00e9 Joaqu\u00edn Moraga", "Francisco Pal\u00f3u"], "named_for": "St. Francis of Assisi", "\u2022_type": "Mayor-council", "\u2022_body": "Board of Supervisors", "\u2022_mayor": ["London Breed", "D", "[4]"], "\u2022_supervisors[6]": ["Sandra Lee Fewer (D)", "Catherine Stefani (D)", "Aaron Peskin (D)", "Gordon Mar (D)", "Vallie Brown (D)", "Matt Haney (D)", "Norman Yee (D)", "Rafael Mandelman (D)", "Hillary Ronen (D)", "Shamann Walton (D)", "Ahsha Safa\u00ed (D)"], "\u2022_assembly_members[7][8]": ["David Chiu", "D", "Phil Ting", "D"], "\u2022_state_senator": ["Scott Wiener", "D", "[5]"], "\u2022_united_states_representatives[9][10]": ["Nancy Pelosi", "D", "Jackie Speier", "D"], "\u2022_rank": ["4th", "13th"], "\u2022_metro": "4,729,484 (12th)", "\u2022_csa": "9,666,055 (5th)", "time_zone": ["UTC\u22128", "Pacific Time Zone"], "\u2022_summer_(dst)": ["UTC\u22127", "Pacific Daylight Time"], "zip_codes[15]": ["94102\u201394105\n", "94107\u201394112\n", "94114\u201394134\n", "94137\n", "94139\u201394147\n", "94151\n", "94158\u201394161\n", "94163\u201394164\n", "94172\n", "94177\n", "94188"], "area_codes": ["415/628", "[16]"], "gnis_feature_ids": ["277593", "2411786"], "gdp": "$154.2 billion[17] (2015)", "website": "sf.gov"}
{"name": "Eduardo Saverin", "url": "https://en.wikipedia.org/wiki/Eduardo_Saverin", "entity_type": "person", "born": "Eduardo Luiz Saverin (1982-03-19) March 19, 1982 (age_37)S\u00e3o Paulo, Brazil", "residence": "Singapore", "citizenship": ["Brazil", "[1]", "[2]"], "alma_mater": "Harvard University (BA)", "known_for": "Co-founder of Facebook", "net_worth": ["US$", "[3]"], "website": "www.facebook.com/saverin"}
{"name": "San Francisco", "url": "https://en.wikipedia.org/wiki/San_Francisco,_California", "entity_type": "Consolidated city-county", "state": "_California", "csa": "San Jose\u2013San Francisco\u2013Oakland", "metro": "San Francisco\u2013Oakland\u2013Hayward", "mission": "June 29, 1776[2]", "incorporated": "April 15, 1850[3]", "founded_by": ["Jos\u00e9 Joaqu\u00edn Moraga", "Francisco Pal\u00f3u"], "named_for": "St. Francis of Assisi", "\u2022_type": "Mayor-council", "\u2022_body": "Board of Supervisors", "\u2022_mayor": ["London Breed", "D", "[4]"], "\u2022_supervisors[6]": ["Sandra Lee Fewer (D)", "Catherine Stefani (D)", "Aaron Peskin (D)", "Gordon Mar (D)", "Vallie Brown (D)", "Matt Haney (D)", "Norman Yee (D)", "Rafael Mandelman (D)", "Hillary Ronen (D)", "Shamann Walton (D)", "Ahsha Safa\u00ed (D)"], "\u2022_assembly_members[7][8]": ["David Chiu", "D", "Phil Ting", "D"], "\u2022_state_senator": ["Scott Wiener", "D", "[5]"], "\u2022_united_states_representatives[9][10]": ["Nancy Pelosi", "D", "Jackie Speier", "D"], "\u2022_rank": ["4th", "13th"], "\u2022_metro": "4,729,484 (12th)", "\u2022_csa": "9,666,055 (5th)", "time_zone": ["UTC\u22128", "Pacific Time Zone"], "\u2022_summer_(dst)": ["UTC\u22127", "Pacific Daylight Time"], "zip_codes[15]": ["94102\u201394105\n", "94107\u201394112\n", "94114\u201394134\n", "94137\n", "94139\u201394147\n", "94151\n", "94158\u201394161\n", "94163\u201394164\n", "94172\n", "94177\n", "94188"], "area_codes": ["415/628", "[16]"], "gnis_feature_ids": ["277593", "2411786"], "gdp": "$154.2 billion[17] (2015)", "website": "sf.gov"}
{"name": "Mark Zuckerberg", "url": "https://en.wikipedia.org/wiki/Mark_Zuckerberg", "entity_type": "person", "born": "Mark Elliot Zuckerberg (1984-05-14) May 14, 1984 (age_35)White Plains, New York, U.S.", "occupation": "Internet entrepreneur", "known_for": "Co-founding and leading Facebook", "home_town": "Dobbs Ferry, New York, U.S.", "salary": ["One-dollar salary", "[1]"], "net_worth": "US $73.6 billion[2] (May 2019)", "spouse(s)": "Priscilla Chan (m._2012)", "relatives": ["Randi Zuckerberg", "Donna Zuckerberg"], "website": "facebook.com/zuck"}
{"name": "Cambridge, Massachusetts", "url": "https://en.wikipedia.org/wiki/Cambridge,_Massachusetts", "entity_type": "City", "country": "_United States", "state": "_Massachusetts", "county": "Middlesex", "\u2022_type": "Council-City Manager", "\u2022_demonym": "Cantabrigian", "time_zone": ["UTC\u22125", "Eastern"], "\u2022_summer_(dst)": ["UTC\u22124", "Eastern"], "area_code(s)": ["617", "857"], "website": "cambridgema.gov"}
{"name": "S&P 500 Index", "url": "https://en.wikipedia.org/wiki/S%26P_500", "entity_type": "radio station", "foundation": "March_4, 1957; 62 years ago_(1957-03-04)[1]", "operator": ["S&P Dow Jones Indices", "[2]"], "exchanges": ["NYSE", "NASDAQ", "Cboe BZX Exchange"], "constituents": ["505", "[3]"], "type": ["Large-cap", "[2]"], "market_cap": "US$25.6_trillion(as of June 28, 2019)[4]", "weighting_method": ["Free-float capitalization-weighted", "[5]"], "related_indices": ["\nS&P 1500S&P Global 1200S&P 100"], "website": "us.spindices.com/indices/equity/sp-500"}
{"name": "Dow Jones Industrial Average", "url": "https://en.wikipedia.org/wiki/Dow_Jones_Industrial_Average", "entity_type": "work", "foundation": ["[1]", "[2]"], "operator": "S&P Dow Jones Indices", "exchanges": ["New York Stock Exchange", "NASDAQ"], "market_cap": ["$", "[3]"], "weighting_method": "Price-weighted index", "website": "us.spindices.com/indices/equity/dow-jones-industrial-average"}
{"name": "Betty Liu", "url": "https://en.wikipedia.org/wiki/Betty_Liu", "entity_type": "person", "born": "1973 (age_45\u201346)Hong Kong", "residence": ["Millburn, New Jersey", "[1]"], "alma_mater": ["University of Pennsylvania", "[2]"], "occupation": ["journalist", "news anchor", "author"], "employer": "Bloomberg L.P.", "notable_credit(s)": "Bloomberg Television's news anchor, host of \"In The Loop With Betty Liu\", author of \"Work Smarts\"", "home_town": "Philadelphia", "spouse(s)": "Benjamin L. Walter (married 2002\u20132006)Bill Browning (married 2009\u2013present)[1]", "children": "Dylan and Zachary (born July 21, 2004)[1]", "website": "betty-liu.com"}
{"name": "Berkeley, California", "url": "https://en.wikipedia.org/wiki/Berkeley,_California", "entity_type": "Charter city", "country": "_United States", "state": "_California", "county": " Alameda", "incorporated": "April 4, 1878[1]", "chartered": "March 5, 1895[2]", "\u2022_type": ["Council-Manager", "[2]"], "\u2022_mayor": ["Jesse Arregu\u00edn", "[3]"], "\u2022_council_members_.mw-parser-output_.nobold{font-weight:normal}by_district_number[3]": ["Rashi Kesarwani", "Cheryl Davila", "Ben Bartlett", "Kate Harrison", "Sophie Hahn", "Susan Wengraf", "Rigel Robinson", "Lori Droste"], "\u2022_state_senator": ["Nancy Skinner", "D", "[4]"], "\u2022_assembly_member": ["Buffy Wicks", "D", "[5]"], "\u2022_u.s._rep.": ["Barbara Lee", "D", "[6]"], "\u2022_rank": ["4th in Alameda County", "51st in California"], "time_zone": ["UTC\u22128", "Pacific"], "\u2022_summer_(dst)": ["UTC\u22127", "PDT"], "area_code": "510", "fips_code": "06-06000", "gnis_feature_ids": ["1658037", "2409837"], "website": "www.cityofberkeley.info"}
{"name": "Santa Monica, California", "url": "https://en.wikipedia.org/wiki/Santa_Monica,_California", "entity_type": "Charter city", "state": "_California", "county": " Los Angeles", "incorporated": "November 30, 1886[3]", "named_for": "Saint Monica", "\u2022_type": ["Council\u2013manager", "[4]"], "\u2022_mayor": "Ted Winterer[5]", "time_zone": ["UTC-8", "Pacific"], "\u2022_summer_(dst)": "UTC-7 (PDT)", "area_codes": "310/424", "fips_code": ["06-70000", "[10]"], "gnis_feature_ids": ["1652792", "2411825", "[11]"], "website": ["www.smgov.net", ""]}
{"name": "Ahsha Safa\u00ed", "url": "https://en.wikipedia.org/wiki/Ahsha_Safa%C3%AD", "entity_type": "Thing", "mayor": ["Ed Lee", "Mark Farrell", "London Breed"], "preceded_by": "John Avalos", "born": "1973 (age_45\u201346)Iran", "nationality": "American", "political_party": "Democratic", "residence": ["San Francisco", "California"], "alma_mater": ["Northeastern University", "BA", "Massachusetts Institute of Technology", "MS"], "occupation": "Politician", "website": "Board of SupervisorsDistrict 11 website"}
{"name": "Shamann Walton", "url": "https://en.wikipedia.org/wiki/Shamann_Walton", "entity_type": "Thing", "mayor": "London Breed", "preceded_by": "Malia Cohen", "political_party": "Democratic", "website": "Board of SupervisorsDistrict 10 website"}
{"name": "Hillary Ronen", "url": "https://en.wikipedia.org/wiki/Hillary_Ronen", "entity_type": "Thing", "mayor": ["Ed Lee", "Mark Farrell", "London Breed"], "preceded_by": "David Campos", "nationality": "American", "political_party": "Democratic", "residence": ["San Francisco", "California"], "alma_mater": ["University of California, San Diego", "BA", "University of California, Berkeley", "JD"], "occupation": "Politician", "website": "Board of SupervisorsDistrict 9 website"}
{"name": "S\u00e3o Paulo", "url": "https://en.wikipedia.org/wiki/S%C3%A3o_Paulo,_Brazil", "entity_type": "Municipalities of Brazil", "country": "_Brazil", "state": ["", "S\u00e3o Paulo"], "named_for": "Paul the Apostle", "\u2022_type": "Mayor-council", "\u2022_mayor": ["Bruno Covas", "[1]", "PSDB"], "\u2022_rank": "1st", "\u2022_metro": "21,571,281[2] (Greater Sao Paulo)", "\u2022_macrometropolis": "33.652.991 [5]", "time_zone": ["UTC\u221203:00", "BRT"], "hdi_(2016)": ["[6]", " - 1st"], "ppp_2018": ["[7]", " 1st"], "per_capita": ["[7]", " 1st"], "nominal_2018": ["[7]", " 1st"], "website": "S\u00e3o Paulo, SP"}
{"name": "Rafael Mandelman", "url": "https://en.wikipedia.org/wiki/Rafael_Mandelman", "entity_type": "Thing", "mayor": "London Breed", "preceded_by": "Jeff Sheehy", "born": "San Francisco, California, U.S.", "nationality": "American", "political_party": "Democratic", "residence": ["San Francisco", "California"], "education": ["Yale University", "Harvard University", "University of California, Berkeley"], "occupation": "Politician", "profession": "Attorney"}
{"name": "White Plains, New York", "url": "https://en.wikipedia.org/wiki/White_Plains,_New_York", "entity_type": "City", "state": "New York", "county": "Westchester", "\u2022_type": "Mayor-Council", "\u2022_mayor": ["Tom Roach", "D"], "\u2022_common_council": ["\u2022 John M. Martin (D) Pres", "\u2022 Justin Brasch (D)", "\u2022 John Kirkpatrick (D)", "\u2022 Milagros Lecuona (D)", "\u2022 Dennis Krolian (D)", "\u2022 Nadine Hunt-Robinson (D)"], "time_zone": ["UTC\u22125", "Eastern"], "\u2022_summer_(dst)": "UTC\u22124 (Eastern)", "area_code(s)": "914", "gnis_feature_id": "0977432[4]", "website": "www.cityofwhiteplains.com"}
{"name": "Norman Yee", "url": "https://en.wikipedia.org/wiki/Norman_Yee", "entity_type": "person", "preceded_by": "Sean Elsbernd", "mayor": ["Ed Lee", "London Breed"], "born": " (1949-07-29) July 29, 1949 (age_70)San Francisco, California, U.S.", "nationality": "American", "political_party": "Democratic", "residence": ["San Francisco", "California"], "alma_mater": ["University of California, Berkeley", "BS", "San Francisco State University", "MA"], "occupation": "Politician", "website": "Board of SupervisorsDistrict 7 website"}
{"name": "Matt Haney", "url": "https://en.wikipedia.org/wiki/Matt_Haney", "entity_type": "Thing", "mayor": "London Breed", "preceded_by": "Jane Kim", "political_party": "Democratic", "residence": "San Francisco, California", "website": "sfbos.org/supervisor-haney-district-6"}
{"name": "Singapore", "url": "https://en.wikipedia.org/wiki/Singapore", "entity_type": "city", "capital": ["[1]", "city-state", "1\u00b017\u2032N 103\u00b050\u2032E\ufeff / \ufeff1.283\u00b0N 103.833\u00b0E\ufeff / 1.283; 103.833", "Coordinates", "1\u00b017\u2032N 103\u00b050\u2032E\ufeff / \ufeff1.283\u00b0N 103.833\u00b0E\ufeff / 1.283; 103.833"], "official_languages": ["English", "Malay", "Mandarin", "Tamil"], "national_language": "Malay", "ethnic_groups__(2015)[2]": ["74.3% Chinese Singaporeans", "13.3% Malay Singaporeans", "9.1% Indian Singaporeans", "3.3% other"], "religion__(2015)[2]": ["33.2% Buddhism ", "18.8% Christianity ", "18.5% Irreligious ", "14.0% Islam ", "10.0% Taoism andfolk religion ", "5.0% Hinduism ", "0.6% other "], "demonym(s)": "Singaporean", "government": ["Unitary", "dominant-party", "parliamentary", "constitutional republic"], "\u2022_president": "Halimah Yacob", "\u2022_prime_minister": "Lee Hsien Loong", "\u2022_parliament_speaker": "Tan Chuan-Jin", "\u2022_chief_justice": "Sundaresh Menon", "legislature": "Parliament", "\u2022_total": ["[5]", "31st"], "\u2022_2018_estimate": ["[4]", "[Note 1]", "113th"], "\u2022_density": "7,804/km2 (20,212.3/sq_mi) (2nd)", "\u2022_per_capita": ["[5]", "7th"], "gini_(2017)": "_45.9[6]medium", "hdi_(2017)": ["[7]", "9th"], "currency": ["Singapore dollar", "SGD"], "time_zone": ["UTC", "Singapore Standard Time"], "driving_side": "left", "calling_code": "+65", "iso_3166_code": "SG", "internet_tld": ".sg"}
{"name": "Middlesex County, Massachusetts", "url": "https://en.wikipedia.org/wiki/Middlesex_County,_Massachusetts", "entity_type": "populated place", "state": "_Massachusetts", "seat": ["Lowell", "Cambridge"], "time_zone": ["UTC\u22125", "Eastern"], "\u2022_summer_(dst)": ["UTC\u22124", "EDT"], "congressional_districts": ["3rd", "4th", "5th", "6th", "7th"]}
{"name": "S&P 1500", "url": "https://en.wikipedia.org/wiki/S%26P_1500", "entity_type": "radio station", "foundation": "May 17, 1995[1]", "operator": "S&P Global", "exchanges": ["NASDAQ", "NYSE", "CBOE"], "constituents": "1506[1]", "market_cap": "$ 25.91 trillion (2019)", "weighting_method": "Market value-weighted", "related_indices": ["\nS&P 500\nS&P 400\nS&P 600"], "website": "us.spindices.com/indices/equity/sp-composite-1500"}
{"name": "Priscilla Chan", "url": "https://en.wikipedia.org/wiki/Priscilla_Chan_(philanthropist)", "entity_type": "WikicatHongKongTelevisionActresses", "born": ["[1]", "Braintree, Massachusetts"], "residence": "Palo Alto, California, U.S.", "alma_mater": ["Harvard University", "University of California, San Francisco"], "spouse(s)": "Mark Zuckerberg (m._2012)"}
{"name": "Dobbs Ferry, New York", "url": "https://en.wikipedia.org/wiki/Dobbs_Ferry,_New_York", "entity_type": "Administrative divisions of New York", "state": "New York", "county": "Westchester", "town": "Greenburgh", "time_zone": ["UTC-5", "Eastern (EST)"], "\u2022_summer_(dst)": "UTC-4 (EDT)", "area_code(s)": "914", "website": "www.dobbsferry.com"}
{"name": "Gordon Mar", "url": "https://en.wikipedia.org/wiki/Gordon_Mar", "entity_type": "Thing", "mayor": "London Breed", "preceded_by": "Katy Tang", "political_party": "Democratic", "website": "[1]"}
{"name": "Aaron Peskin", "url": "https://en.wikipedia.org/wiki/Aaron_Peskin", "entity_type": "person", "mayor": "Gavin Newsom", "preceded_by": "Matt Gonzalez", "succeeded_by": "David Chiu", "born": "Aaron Dan Peskin (1964-06-17) June 17, 1964 (age_55)Berkeley, California, U.S.", "political_party": "Democratic", "residence": ["San Francisco", "California"], "alma_mater": ["University of California, Santa Cruz", "BA"], "occupation": "Politician", "website": "Board of SupervisorsDistrict 3 website"}
{"name": "Catherine Stefani", "url": "https://en.wikipedia.org/wiki/Catherine_Stefani", "entity_type": "Thing", "mayor": ["Mark Farrell", "London Breed"], "born": ["[1]", "San Francisco, California"], "political_party": "Democratic", "spouse(s)": "Christopher Bankovitch[2]", "residence": ["San Francisco", "California"], "alma_mater": ["St. Mary's College of California", "BA", "University of the Pacific, McGeorge School of Law", "JD"], "occupation": "Politician", "website": "Board of SupervisorsDistrict 2 website"}
{"name": "Sandra Lee Fewer", "url": "https://en.wikipedia.org/wiki/Sandra_Lee_Fewer", "entity_type": "Thing", "mayor": ["Ed Lee", "Mark Farrell", "London Breed"], "preceded_by": "Eric Mar", "born": "1956/1957 (age_62\u201363)[1]", "political_party": "Democratic (affiliated)", "spouse(s)": ["[2]", "[1]"], "children": ["[2]", "[3]"], "residence": ["San Francisco", "California"], "alma_mater": ["City College of San Francisco", "Golden Gate University", "BA", "MPA"], "occupation": "Politician", "website": "Board of SupervisorsDistrict 1 website"}
{"name": "Massachusetts", "url": "https://en.wikipedia.org/wiki/Massachusetts", "entity_type": "populated place", "country": "United States", "before_statehood": "Province of Massachusetts Bay", "capital.mw-parser-output_.nobold{font-weight:normal}(and_largest_city)": "Boston", "largest_metro": "Greater Boston", "\u2022_governor": ["Charlie Baker", "R"], "\u2022_lieutenant_governor": "Karyn Polito (R)", "legislature": "General Court", "\u2022_upper_house": "Senate", "\u2022_lower_house": "House of Representatives", "u.s._senators": ["Elizabeth Warren", "D", "Ed Markey"], "u.s._house_delegation": ["Democrats", "list"], "\u2022_total": "10,565[2]_sq_mi (27,337_km2)", "area_rank": "44th", "\u2022_rank": "15th", "\u2022_density_rank": "3rd", "\u2022_median_household_income": "$77,385[5]", "demonym(s)": ["[6]", "[7]", "[8]"], "\u2022_official_language": ["English", "[9]"], "\u2022_spoken_language": ["English 77.7%", "Spanish 8.6%", "Portuguese 2.8%.", "Chinese 2.1%[10]"], "time_zone": ["UTC-05:00", "Eastern"], "\u2022_summer_(dst)": ["UTC-04:00", "EDT"], "iso_3166_code": "US-MA", "website": "www.mass.gov"}
{"name": "San Francisco Board of Supervisors", "url": "https://en.wikipedia.org/wiki/San_Francisco_Board_of_Supervisors", "entity_type": "organisation", "type": "Unicameral ", "president": "Norman Yee since January 8, 2019 ", "political_groups": ["Nonpartisan", "Democratic"], "voting_system": ["Instant runoff voting", "Single-member districts"], "last_election": "November 6, 2018"}
{"name": "Jeffrey Sprecher", "url": "https://en.wikipedia.org/wiki/Jeffrey_Sprecher", "entity_type": "person", "born": " (1955-02-23) February 23, 1955 (age_64)Madison, Wisconsin, United States", "alma_mater": ["University of Wisconsin\u2013Madison", "Pepperdine University"], "occupation": ["Intercontinental Exchange", "New York Stock Exchange"]}
{"name": "Intercontinental Exchange", "url": "https://en.wikipedia.org/wiki/Intercontinental_Exchange", "entity_type": "Public company", "type": "Public company", "traded_as": ["NYSE", "ICE", "S&P 500 Component"], "isin": ["US45866F1049_", ""], "industry": ["Business services", "Financial services", "Financial Markets", "Technology"], "founder": "Jeffrey Sprecher", "headquarters": ["Atlanta", "Georgia"], "products": ["Clearing", "Exchange Listing", "Financial Data"], "revenue": " US$ 6.28 billion (2018)", "operating_income": " US$ 2.58 billion (2018)", "net_income": " US$ 2.02 billion (2018)", "total_assets": " US$ 92.79 billion (2018)", "total_equity": " US$ 17.20 billion (2018)", "subsidiaries": "New York Stock Exchange", "website": "theice.com"}
{"name": "Francis of Assisi", "url": "https://en.wikipedia.org/wiki/Francis_of_Assisi", "entity_type": "person", "born": ["Assisi", "Duchy of Spoleto", "Holy Roman Empire"], "died": ["[2]", "Umbria", "Papal States", "[3]"], "venerated_in": ["Catholic Church", "Anglican Communion", "[4]", "Lutheranism", "[5]", "Old Catholic Church"], "canonized": ["Assisi, Italy", "Pope Gregory IX"], "major_shrine": "Basilica of San Francesco d'Assisi", "patronage": ["stowaways", "[6]", "[7]", "[7]", "[8]", "[9]"]}
{"name": "S&P 100", "url": "https://en.wikipedia.org/wiki/S%26P_100", "entity_type": "radio station", "foundation": "June_15, 1983; 36 years ago_(1983-06-15)[1]", "operator": ["S&P Dow Jones Indices", "[2]"], "exchanges": ["NYSE", "NASDAQ"], "constituents": "101[3]", "type": ["Large-cap", "[2]"], "market_cap": "US$16.6_trillion(as of April 30, 2019)[4]", "weighting_method": ["Free-float capitalization-weighted", "[5]"], "related_indices": ["S&P 500"], "website": "us.spindices.com/indices/equity/sp-100"}
{"name": "Nasdaq", "url": "https://en.wikipedia.org/wiki/NASDAQ", "entity_type": "company", "type": "Stock exchange", "location": ["One Liberty Plaza", "New York City", "New York", "US"], "owner": "Nasdaq, Inc.", "currency": "United States dollar", "no._of_listings": "Approximately 3,500[1]", "market_cap": " $10 trillion", "website": "business.nasdaq.com"}
{"name": "Nasdaq, Inc.", "url": "https://en.wikipedia.org/wiki/Nasdaq,_Inc.", "entity_type": "Public company", "type": "Public", "traded_as": ["NASDAQ", "NDAQ", "S&P 500 Component"], "isin": ["US6311031081_", ""], "industry": "Financial services", "headquarters": ["One Liberty Plaza", "New York City", "New York", "U.S."], "area_served": ["United States", "Europe"], "key_people": ["Chairman", "Thomas Martinez", "CEO"], "products": ["Derivatives", "equity trading", "futures", "options", "markets", "market data", "securities exchanges", "financial technology"], "revenue": "US$ 4.2 billion (2018)[1]", "owner": ["Investor AB", "Wallenberg family"], "subsidiaries": ["NASDAQ", "OMX"], "website": "business.nasdaq.com"}
