{"name": "Facebook", "url": "https://en.wikipedia.org/wiki/Facebook", "entity_type": "company", "type": "Public", "traded_as": ["NASDAQ:_FB (Class A)", "NASDAQ-100 component", "S&P 100 component", "S&P 500 component"], "industry": ["Social media", "Advertising"], "founded": "February_4, 2004; 15 years ago_(2004-02-04) in Cambridge, Massachusetts", "founded_by": ["Mark Zuckerberg", "Eduardo Saverin", "Andrew McCollum", "Dustin Moskovitz", "Chris Hughes"], "headquarters": "1 Hacker Way (aka 1601 Willow Road), Menlo Park, California, U.S.", "area_served": "United States (2004\u2013present)Worldwide, except blocking countries (2005\u2013present)", "key_people": ["Mark Zuckerberg (Chairman and CEO)", "Sheryl Sandberg (COO)", "David Wehner (CFO)", "Mike Schroepfer (CTO)"], "products": ["Messenger", "Watch", "Portal"], "revenue": " US$55.838 billion_(2018)", "owner": "Facebook, Inc._", "subsidiaries": ["Instagram", "WhatsApp", "Oculus", "Calibra"], "website": "about.fb.com"}
{"name": "Summify", "url": "https://en.wikipedia.org/wiki/Summify", "entity_type": "company", "headquarters": "Vancouver, British Columbia", "founded_by": ["Mircea Pa\u015foi", "Cristian Strat"], "industry": ["news aggregation", "social media"], "website": "summify.com"}
{"name": "Periscope (app)", "url": "https://en.wikipedia.org/wiki/Periscope_(app)", "entity_type": "company", "founded_by": "Kayvon Beykpour  Joe Bernstein  Aaron Wasserman  Tyler Hansen  Geraint Davies[1]", "developer(s)": "Twitter", "stable_release": ["[2]", "[3]"], "android": "1.26.4.79 / October_8, 2019; 45 days ago_(2019-10-08)[2]", "ios": "1.63 / October_21, 2019; 32 days ago_(2019-10-21)[3]", "written_in": ["Go", "server-side", "[4]"], "operating_system": ["iOS", "tvOS", "Android"], "available_in": ["Multilingual", "[5]"], "type": ["Video streaming", "Social networking service"], "website": "www.periscope.tv"}
{"name": "Vine (service)", "url": "https://en.wikipedia.org/wiki/Vine_(service)", "entity_type": "company", "founded_by": ["Dom Hofmann", "Rus Yusupov", "Colin Kroll"], "developer(s)": "Vine Labs, Inc. (Twitter)", "operating_system": ["Windows", "macOS", "Android", "iOS", "Windows Phone", "Xbox One"], "available_in": "25 languages[citation needed]", "type": "Video sharing", "license": "Freeware", "alexa_rank": " 34,336 (April 2019)[1]", "website": "vine.co"}
{"name": "Pinterest", "url": "https://en.wikipedia.org/wiki/Pinterest", "entity_type": "company", "website": "www.pinterest.com", "alexa_rank": ["[update]", "[1]"]}
{"name": "Snapchat", "url": "https://en.wikipedia.org/wiki/Snapchat", "entity_type": "company", "founded_by": ["Evan Spiegel", "Bobby Murphy", "Reggie Brown"], "developer(s)": "Snap Inc.", "android": "10.70.5.0 / November_19, 2019; 7 days ago_(2019-11-19)[1]", "ios": "10.68.0.63 / October_17, 2019; 40 days ago_(2019-10-17)[2]", "android_(beta)": "10.68.6.0 / October_19, 2019; 38 days ago_(2019-10-19)[3]", "operating_system": ["Android", "iOS"], "size": ["MB", "[4]", "[5]"], "type": ["Photo sharing", "Instant messaging", "Video chat", "Multimedia"], "license": "Proprietary software", "alexa_rank": ["[update]", "[6]"], "website": "www.snapchat.com"}
{"name": "WeChat", "url": "https://en.wikipedia.org/wiki/WeChat", "entity_type": "company", "developer(s)": "Tencent Holdings Limited", "ios": "7.0.8 / September_25, 2019; 2 months ago_(2019-09-25)[1]", "macos": "2.3.28 / October_23, 2019; 34 days ago_(2019-10-23)[2]", "android": "7.0 / November_19, 2018; 12 months ago_(2018-11-19)[7]", "windows_phone_8.1": "6.0.8 (discontinued)[4] / 2016; 3_years ago_(2016)", "symbian_v3": "4.2 / February_4, 2013; 6 years ago_(2013-02-04)[5]", "symbian_v5": "4.2 / January_17, 2013; 6 years ago_(2013-01-17)[6]", "operating_system": "Cross-platform", "type": ["Instant messaging", "client"], "license": ["Proprietary", "freeware"], "website": ["www.wechat.com", "weixin.qq.com"]}
{"name": "Reddit", "url": "https://en.wikipedia.org/wiki/Reddit", "entity_type": "company", "type_of_site": ["Social news", "media aggregation"], "available_in": ["Multilingual", "[notes 1]"], "founded": "June_23, 2005; 14 years ago_(2005-06-23)[2]", "headquarters": ["San Francisco", "California", "U.S."], "owner": ["Advance Publications", "[1]"], "founded_by": ["Steve Huffman", "Aaron Swartz", "Alexis Ohanian"], "key_people": ["Steve Huffman (co-founder and CEO)", "Jen Wong COO", "Christopher Slowe CTO"], "industry": ["Internet", "media"], "employees": "400 (September 2018)[3]", "website": "www.reddit.com", "alexa_rank": ["[update]", "[4]"], "advertising": "Banner ads and promoted links", "registration": "Optional[notes 2]", "written_in": ["Python", "React[notes 3]"]}
{"name": "Instagram", "url": "https://en.wikipedia.org/wiki/Instagram", "entity_type": "company", "founded_by": ["Kevin Systrom", "Mike Krieger"], "developer(s)": "Facebook, Inc.", "android": "121.0.0.29.119 / November_25, 2019; 1 day ago_(2019-11-25)[1]", "ios": "117.0 / October_28, 2019; 29 days ago_(2019-10-28)[2]", "windows_10": "30.1569.12133.0 / April_14, 2018; 19 months ago_(2018-04-14)[3]", "android_(alpha)": "119.0.0.0.55 / November_1, 2019; 25 days ago_(2019-11-01)[4]", "android_(beta)": "118.0.0.14.122 / November_1, 2019; 25 days ago_(2019-11-01)[5]", "operating_system": ["iOS", "Android", "Windows"], "size": ["MB", "[6]", "[7]"], "available_in": "32[8] languages", "license": ["Proprietary software", "Terms of Use"], "alexa_rank": ["[update]", "[9]"], "website": "Instagram.com"}
{"name": "Twitter", "url": "https://en.wikipedia.org/wiki/Twitter", "entity_type": "company", "type": "Public", "type_of_site": ["News", "social networking service"], "available_in": "Multilingual", "traded_as": ["NYSE:_TWTR", "S&P 500 Component"], "headquarters": "San Francisco, California, United States", "coordinates": ["37\u00b046\u203236\u2033N 122\u00b025\u203200\u2033W\ufeff / \ufeff37.7768\u00b0N 122.4166\u00b0W\ufeff / 37.7768; -122.4166", "Coordinates", "37\u00b046\u203236\u2033N 122\u00b025\u203200\u2033W\ufeff / \ufeff37.7768\u00b0N 122.4166\u00b0W\ufeff / 37.7768; -122.4166"], "founded_by": ["Jack Dorsey", "Noah Glass", "Biz Stone", "Evan Williams"], "key_people": ["Omid Kordestani", "(Executive Chairman)", "Jack Dorsey", "(CEO)", "Ned Segal", "(CFO)"], "industry": "Internet", "employees": "4,600 (September 2019)[1]", "subsidiaries": ["Vine", "Periscope", "MoPub"], "website": ["twitter.com", ""], "alexa_rank": ["[update]", "[2]"], "users": ["321 million active users", "(February 2019)"], "written_in": ["Java", "Ruby", "Scala", "JavaScript"]}
{"name": "Dom Hofmann", "url": "https://en.wikipedia.org/wiki/Dom_Hofmann", "entity_type": "programming_language"}
{"name": "Periscope (app)", "url": "https://en.wikipedia.org/wiki/Periscope_(app)", "entity_type": "company", "founded_by": "Kayvon Beykpour  Joe Bernstein  Aaron Wasserman  Tyler Hansen  Geraint Davies[1]", "developer(s)": "Twitter", "stable_release": ["[2]", "[3]"], "android": "1.26.4.79 / October_8, 2019; 45 days ago_(2019-10-08)[2]", "ios": "1.63 / October_21, 2019; 32 days ago_(2019-10-21)[3]", "written_in": ["Go", "server-side", "[4]"], "operating_system": ["iOS", "tvOS", "Android"], "available_in": ["Multilingual", "[5]"], "type": ["Video streaming", "Social networking service"], "website": "www.periscope.tv"}
{"name": "Libra (cryptocurrency)", "url": "https://en.wikipedia.org/wiki/Calibra_(company)", "entity_type": "programming_language", "white_paper": "Libra whitepaper", "code_repository": "github.com/libra/libra", "written_in": "Rust", "source_model": "Open source", "license": ["Apache License", "[1]"], "website": "libra.org"}
{"name": "Oculus VR", "url": "https://en.wikipedia.org/wiki/Oculus_VR", "entity_type": "company", "type": "Division", "industry": "Virtual reality", "founded": "July_2012; 7_years ago_(2012-07) in Irvine, California, U.S.", "founded_by": ["Palmer Luckey", "Brendan Iribe", "Michael Antonov", "Nate Mitchell"], "headquarters": "Menlo Park, California, U.S.", "key_people": ["Andrew Bosworth (Vice President, VR/AR)"], "products": ["Samsung Gear VR", "Oculus Rift CV1Oculus GoOculus Rift SOculus Quest", "Oculus Medium"], "brands": "Oculus Rift", "parent": "Facebook Technologies, LLC (Facebook, Inc.)", "subsidiaries": "Oculus Studios", "website": "oculus.com"}
{"name": "WhatsApp", "url": "https://en.wikipedia.org/wiki/WhatsApp", "entity_type": "company", "founded_by": ["Brian Acton", "Jan Koum"], "developer(s)": "WhatsApp Inc. (Facebook, Inc.)", "ios": "2.19.112 / October_30, 2019; 26 days ago_(2019-10-30)[1]", "android": "2.19.341 / November_20, 2019; 5 days ago_(2019-11-20)[2]", "android_(beta)": "2.19.338 / November_19, 2019; 6 days ago_(2019-11-19)[3]", "written_in": ["Erlang", "[4]"], "operating_system": ["Android", "iOS", "KaiOS", "Windows", "macOS", "web app"], "size": ["MB", "[5]", "[6]"], "type": ["Instant messaging", "social media"], "license": ["Proprietary software", "EULA", "\"European Region\"", "others"], "alexa_rank": ["[update]", "[7]"], "website": "WhatsApp.com"}
{"name": "Instagram", "url": "https://en.wikipedia.org/wiki/Instagram", "entity_type": "company", "founded_by": ["Kevin Systrom", "Mike Krieger"], "developer(s)": "Facebook, Inc.", "android": "121.0.0.29.119 / November_25, 2019; 1 day ago_(2019-11-25)[1]", "ios": "117.0 / October_28, 2019; 29 days ago_(2019-10-28)[2]", "windows_10": "30.1569.12133.0 / April_14, 2018; 19 months ago_(2018-04-14)[3]", "android_(alpha)": "119.0.0.0.55 / November_1, 2019; 25 days ago_(2019-11-01)[4]", "android_(beta)": "118.0.0.14.122 / November_1, 2019; 25 days ago_(2019-11-01)[5]", "operating_system": ["iOS", "Android", "Windows"], "size": ["MB", "[6]", "[7]"], "available_in": "32[8] languages", "license": ["Proprietary software", "Terms of Use"], "alexa_rank": ["[update]", "[9]"], "website": "Instagram.com"}
{"name": "Mike Schroepfer", "url": "https://en.wikipedia.org/wiki/Mike_Schroepfer", "entity_type": "person", "residence": "San Francisco Bay area", "alma_mater": "Stanford University", "occupation": ["CTO", "Facebook"]}
{"name": "Vancouver", "url": "https://en.wikipedia.org/wiki/Vancouver,_British_Columbia", "entity_type": "location", "country": "Canada", "province": "British Columbia", "region": "Lower Mainland", "named_for": ["Captain George Vancouver", "British", "Royal Navy"], "\u2022_mayor": "Kennedy Stewart", "\u2022_vancouver_city_council": ["Rebecca Bligh", "Christine Boyle", "Adriane Carr", "Melissa De Genova", "Lisa Dominato", "Pete Fry", "Colleen Hardwick", "Sarah Kirby-Yung", "Jean Swanson", "Michael Wiebe"], "\u2022_mps_(fed.)": ["Don Davies (NDP)", "Hedy Fry (L)", "Jenny Kwan (NDP)", "Joyce Murray (L)", "Harjit Sajjan (L)", "Jody Wilson-Raybould (Ind)"], "\u2022_mlas_(prov.)": ["Spencer Chandra Herbert (NDP)", "George Chow (NDP)", "Adrian Dix (NDP)", "David Eby (NDP)", "Mable Elmore (NDP)", "George Heyman (NDP)", "Michael Lee (BCL)", "Melanie Mark (NDP)", "Shane Simpson (NDP)", "Sam Sullivan (BCL)", "Andrew Wilkinson (BCL)"], "\u2022_city": "631,486 (8th)", "\u2022_urban": "2,264,823[1]", "\u2022_metro": "2,463,431 (3rd)", "time_zone": ["UTC\u22128", "PST"], "\u2022_summer_(dst)": "UTC\u22127 (PDT)", "forward_sortation_area": "V5K \u2013 V6T, V6Z, V7X \u2013 V7Y", "area_codes": ["604", "778", "236", "672"], "highways__hwy_1_(tch)": ["Hwy_7", "Hwy_1A", "Hwy_7A", "Hwy_99"], "gdp": ["US$", "[4]"], "gdp_per_capita": "US$44,337[4]", "website": "City of Vancouver"}
{"name": "Sheryl Sandberg", "url": "https://en.wikipedia.org/wiki/Sheryl_Sandberg", "entity_type": "person", "born": "Sheryl Kara Sandberg (1969-08-28) August 28, 1969 (age_50)Washington, D.C., U.S.", "residence": ["Menlo Park, California", "[1]"], "education": ["Harvard University", "BA", "MBA"], "occupation": ["COO", "Facebook"], "salary": ["US$", "[2]"], "net_worth": "US$1.8 billion[3] (November 2019)", "political_party": "Democratic", "board_member_of": ["Facebook", "Women for Women International", "Center for Global Development", "V-Day", "SurveyMonkey"], "spouse(s)": "Brian Kraff(m._1993; div._1994)Dave Goldberg(m._2004; died_2015)", "children": "2 (with Goldberg)"}
{"name": "Chairperson", "url": "https://en.wikipedia.org/wiki/Chairman", "entity_type": "person"}
{"name": "Menlo Park, California", "url": "https://en.wikipedia.org/wiki/Menlo_Park,_California", "entity_type": "location", "country": "_United States", "state": "_California", "county": "San Mateo", "incorporated": "November 23, 1927[1]", "\u2022_mayor": "Ray Mueller [2]", "time_zone": ["UTC\u22128", "Pacific"], "\u2022_summer_(dst)": ["UTC\u22127", "PDT"], "area_code": "650", "fips_code": "06-46870", "gnis_feature_ids": ["1659108", "2411079"], "website": "www.menlopark.org"}
{"name": "Vine (service)", "url": "https://en.wikipedia.org/wiki/Vine_(service)", "entity_type": "company", "founded_by": ["Dom Hofmann", "Rus Yusupov", "Colin Kroll"], "developer(s)": "Vine Labs, Inc. (Twitter)", "operating_system": ["Windows", "macOS", "Android", "iOS", "Windows Phone", "Xbox One"], "available_in": "25 languages[citation needed]", "type": "Video sharing", "license": "Freeware", "alexa_rank": " 34,336 (April 2019)[1]", "website": "vine.co"}
{"name": "Chris Hughes", "url": "https://en.wikipedia.org/wiki/Chris_Hughes", "entity_type": "person", "born": "Christopher Hughes (1983-11-26) November 26, 1983 (age_35)Hickory, North Carolina, U.S.", "education": "Phillips Academy", "alma_mater": "Harvard University", "occupation": "Entrepreneur", "known_for": "Co-founder of Facebook", "net_worth": ["US$", "[1]"], "political_party": "Democratic", "spouse(s)": "Sean Eldridge (m._2012)"}
{"name": "Evan Spiegel", "url": "https://en.wikipedia.org/wiki/Evan_Spiegel", "entity_type": "person", "born": ["Los Angeles", "California"], "residence": ["Brentwood, Los Angeles", "California", "[1]"], "education": "Crossroads School for Arts and Sciences", "alma_mater": "Stanford University", "occupation": "Entrepreneur", "known_for": "Co-founder of Snap Inc.", "net_worth": ["US$", "[2]"], "title": ["CEO", "Snap Inc."], "spouse(s)": "Miranda Kerr (m._2017)"}
{"name": "Tencent", "url": "https://en.wikipedia.org/wiki/Tencent", "entity_type": "company", "type": "Public", "traded_as": ["SEHK:_700", "Hang Seng Index component"], "isin": "KYG875721634", "industry": "Conglomerate", "founded_by": ["Ma Huateng", "Zhang Zhidong", "Xu Chenye", "Chen Yidan", "Zeng Liqing"], "headquarters": ["Tencent Binhai Mansion", "Nanshan District", "Shenzhen", "Macau"], "key_people": ["Ma Huateng (Chairman, CEO)", "Martin Lau (President)"], "products": ["Search engine", "Social networking", "instant messaging", "mass media", "web portals", "e-commerce", "web browser", "antivirus software", "artificial intelligence", "music", "payment system", "film production", "video games", "online services"], "revenue": ["CN\u00a5", "[1]"], "operating_income": " CN\u00a597.648 billion (2018)[1]", "net_income": " CN\u00a579.984 billion (2018)[1]", "total_assets": " CN\u00a5723.521 billion (2018)[1]", "total_equity": " CN\u00a5356.207 billion (2018)[1]", "owner": ["Naspers", "[2]"], "number_of_employees": "54,309 (Dec 31 2018)[1]", "website": "tencent.com"}
{"name": "Facebook", "url": "https://en.wikipedia.org/wiki/Facebook", "entity_type": "company", "type": "Public", "traded_as": ["NASDAQ:_FB (Class A)", "NASDAQ-100 component", "S&P 100 component", "S&P 500 component"], "industry": ["Social media", "Advertising"], "founded": "February_4, 2004; 15 years ago_(2004-02-04) in Cambridge, Massachusetts", "founded_by": ["Mark Zuckerberg", "Eduardo Saverin", "Andrew McCollum", "Dustin Moskovitz", "Chris Hughes"], "headquarters": "1 Hacker Way (aka 1601 Willow Road), Menlo Park, California, U.S.", "area_served": "United States (2004\u2013present)Worldwide, except blocking countries (2005\u2013present)", "key_people": ["Mark Zuckerberg (Chairman and CEO)", "Sheryl Sandberg (COO)", "David Wehner (CFO)", "Mike Schroepfer (CTO)"], "products": ["Messenger", "Watch", "Portal"], "revenue": " US$55.838 billion_(2018)", "owner": "Facebook, Inc._", "subsidiaries": ["Instagram", "WhatsApp", "Oculus", "Calibra"], "website": "about.fb.com"}
{"name": "JavaScript", "url": "https://en.wikipedia.org/wiki/JavaScript", "entity_type": "programming_language", "paradigm": ["Multi-paradigm", "event-driven", "[1]", "functional", "imperative", "object-oriented", "prototype-based"], "designed_by": "Brendan Eich", "developer": ["Netscape Communications Corporation", "Mozilla Foundation", "Ecma International"], "first_appeared": "December_4, 1995; 23 years ago_(1995-12-04)[2]", "stable_release": "ECMAScript 2019[3]\n   /    June_2019; 5_months ago_(2019-06)", "typing_discipline": ["Dynamic", "duck"], "filename_extensions": [".js", ".mjs[4]"], "website": "Mozilla"}
{"name": "Scala (programming language)", "url": "https://en.wikipedia.org/wiki/Scala_(programming_language)", "entity_type": "programming_language", "paradigm": ["Multi-paradigm", "concurrent", "functional", "imperative", "object-oriented"], "designed_by": "Martin Odersky", "developer": "Programming Methods Laboratory of \u00c9cole Polytechnique F\u00e9d\u00e9rale de Lausanne", "stable_release": "2.13.1\n   /    11_June 2019; 5 months ago_(2019-06-11)[1]", "typing_discipline": ["Inferred", "static", "strong", "structural"], "platform": ["JVM", "JavaScript (Scala.js)", "LLVM (Scala Native) (experimental)"], "license": ["Apache License 2.0", "[2]"], "website": "www.scala-lang.org"}
{"name": "Ruby (programming language)", "url": "https://en.wikipedia.org/wiki/Ruby_(programming_language)", "entity_type": "programming_language", "paradigm": ["Multi-paradigm", "functional", "imperative", "object-oriented", "reflective"], "designed_by": "Yukihiro Matsumoto", "stable_release": ["[1]", "[\u00b1]"], "typing_discipline": ["Duck", "dynamic", "strong"], "implementation_language": "C", "os": "Cross-platform", "license": ["Ruby License", "GPLv2", "2-clause BSD", "[2]", "[3]", "[4]"], "website": "www.ruby-lang.org"}
{"name": "Java (programming language)", "url": "https://en.wikipedia.org/wiki/Java_(programming_language)", "entity_type": "programming_language", "paradigm": ["Multi-paradigm", "generic", "object-oriented", "class-based", "imperative", "reflective"], "designed_by": "James Gosling", "developer": "Sun Microsystems", "first_appeared": "May_23, 1995; 24 years ago_(1995-05-23)[1]", "typing_discipline": ["Static, strong, safe", "nominative", "manifest"], "filename_extensions": [".class", ".jar"], "website": "oracle.com/java/"}
{"name": "Internet", "url": "https://en.wikipedia.org/wiki/Internet", "entity_type": "programming_language"}
{"name": "Evan Williams (Internet entrepreneur)", "url": "https://en.wikipedia.org/wiki/Evan_Williams_(Internet_entrepreneur)", "entity_type": "person", "born": ["Clarks", "Nebraska"], "residence": "San Francisco, California, US", "nationality": "American", "citizenship": "United States", "occupation": "Internet Entrepreneur", "known_for": ["Blogger", "Twitter", "Medium"], "net_worth": ["billion", "[1]"], "board_member_of": ["Twitter", "[2]"]}
{"name": "Twitter", "url": "https://en.wikipedia.org/wiki/MoPub", "entity_type": "company", "type": "Public", "type_of_site": ["News", "social networking service"], "available_in": "Multilingual", "traded_as": ["NYSE:_TWTR", "S&P 500 Component"], "headquarters": "San Francisco, California, United States", "coordinates": ["37\u00b046\u203236\u2033N 122\u00b025\u203200\u2033W\ufeff / \ufeff37.7768\u00b0N 122.4166\u00b0W\ufeff / 37.7768; -122.4166", "Coordinates", "37\u00b046\u203236\u2033N 122\u00b025\u203200\u2033W\ufeff / \ufeff37.7768\u00b0N 122.4166\u00b0W\ufeff / 37.7768; -122.4166"], "founded_by": ["Jack Dorsey", "Noah Glass", "Biz Stone", "Evan Williams"], "key_people": ["Omid Kordestani", "(Executive Chairman)", "Jack Dorsey", "(CEO)", "Ned Segal", "(CFO)"], "industry": "Internet", "employees": "4,600 (September 2019)[1]", "subsidiaries": ["Vine", "Periscope", "MoPub"], "website": ["twitter.com", ""], "alexa_rank": ["[update]", "[2]"], "users": ["321 million active users", "(February 2019)"], "written_in": ["Java", "Ruby", "Scala", "JavaScript"]}
{"name": "Omid Kordestani", "url": "https://en.wikipedia.org/wiki/Omid_Kordestani", "entity_type": "person", "born": ["Tehran", "[1]", "Iran", "[2]"], "residence": ["Atherton, California", "[3]"], "alma_mater": ["San Jose State University", "BS", "Stanford University", "MBA"], "occupation": ["Executive Chairman", "Twitter"]}
{"name": "Biz Stone", "url": "https://en.wikipedia.org/wiki/Biz_Stone", "entity_type": "person", "residence": "Marin County, California", "nationality": "American", "citizenship": "United States", "occupation": ["Creative director", "software engineer", "businessperson"], "known_for": ["Twitter", "Jelly"]}
{"name": "Jack Dorsey", "url": "https://en.wikipedia.org/wiki/Jack_Dorsey", "entity_type": "person", "born": ["[1]", "St. Louis", "Missouri"], "residence": ["San Francisco", "California"], "alma_mater": ["University of Missouri\u2013Rolla", "New York University"], "occupation": ["Programmer", "internet entrepreneur"], "known_for": ["Twitter", "Square, Inc."], "salary": ["Square, Inc.", "Twitter", "[2]"], "net_worth": ["US$", "[3]"], "title": "CEO of Twitter and Square, Inc.", "political_party": "Democratic", "board_member_of": ["Twitter[4]", "Square, Inc.[5]"]}
{"name": "Multilingualism", "url": "https://en.wikipedia.org/wiki/Multilingualism", "entity_type": "PsychologicalFeature100023100"}
{"name": "React (web framework)", "url": "https://en.wikipedia.org/wiki/React_(JavaScript_library)", "entity_type": "programming_language", "initial_release": "May_29, 2013; 6 years ago_(2013-05-29)[1]", "stable_release": "16.12.0\n   / November_14, 2019; 4 days ago_(2019-11-14)[2]", "repository": "React Repository", "written_in": "JavaScript", "platform": "Web platform", "type": "JavaScript library", "license": "MIT License", "website": "reactjs.org"}
{"name": "Python (programming language)", "url": "https://en.wikipedia.org/wiki/Python_(programming_language)", "entity_type": "programming_language", "paradigm": ["Multi-paradigm", "functional", "imperative", "object-oriented", "reflective"], "designed_by": "Guido van Rossum", "developer": "Python Software Foundation", "first_appeared": "1990; 29_years ago_(1990)[1]", "stable_release": ["[2]", "[3]"], "typing_discipline": ["Duck", "dynamic", "gradual", "[4]"], "license": "Python Software Foundation License", "filename_extensions": ["[5]", "[6]"], "website": "www.python.org"}
{"name": "Web banner", "url": "https://en.wikipedia.org/wiki/Banner_ads", "entity_type": "Whole100003553"}
{"name": "Online service provider", "url": "https://en.wikipedia.org/wiki/Internet_industry", "entity_type": "WikicatInternetServiceProviders"}
{"name": "San Francisco", "url": "https://en.wikipedia.org/wiki/San_Francisco", "entity_type": "location", "state": "_California", "csa": "San Jose\u2013San Francisco\u2013Oakland", "metro": "San Francisco\u2013Oakland\u2013Hayward", "mission": "June 29, 1776[2]", "incorporated": "April 15, 1850[3]", "founded_by": ["Jos\u00e9 Joaqu\u00edn Moraga", "Francisco Pal\u00f3u"], "named_for": "St. Francis of Assisi", "\u2022_type": "Mayor-council", "\u2022_body": "Board of Supervisors", "\u2022_mayor": ["London Breed", "D", "[4]"], "\u2022_supervisors[6]": ["Sandra Lee Fewer (D)", "Catherine Stefani (D)", "Aaron Peskin (D)", "Gordon Mar (D)", "Vallie Brown (D)", "Matt Haney (D)", "Norman Yee (D)", "Rafael Mandelman (D)", "Hillary Ronen (D)", "Shamann Walton (D)", "Ahsha Safa\u00ed (D)"], "\u2022_assembly_members[7][8]": ["David Chiu", "D", "Phil Ting", "D"], "\u2022_state_senator": ["Scott Wiener", "D", "[5]"], "\u2022_united_states_representatives[9][10]": ["Nancy Pelosi", "D", "Jackie Speier", "D"], "\u2022_rank": ["4th", "13th"], "\u2022_metro": "4,729,484 (12th)", "\u2022_csa": "9,666,055 (5th)", "time_zone": ["UTC\u22128", "Pacific Time Zone"], "\u2022_summer_(dst)": ["UTC\u22127", "Pacific Daylight Time"], "zip_codes[15]": ["94102\u201394105\n", "94107\u201394112\n", "94114\u201394134\n", "94137\n", "94139\u201394147\n", "94151\n", "94158\u201394161\n", "94163\u201394164\n", "94172\n", "94177\n", "94188"], "area_codes": ["415/628", "[16]"], "gnis_feature_ids": ["277593", "2411786"], "gdp": "$154.2 billion[17] (2015)", "website": "sf.gov"}
{"name": "Chief executive officer", "url": "https://en.wikipedia.org/wiki/CEO", "entity_type": "programming_language"}
{"name": "Steve Huffman", "url": "https://en.wikipedia.org/wiki/Steve_Huffman", "entity_type": "person", "residence": "San Francisco, California", "other_names": "spez[1]", "education": "Computer Science", "alma_mater": "University of Virginia", "occupation": ["Co-founder and CEO of Reddit", "Co-founder of Hipmunk"], "employer": "Reddit"}
{"name": "Cross-platform software", "url": "https://en.wikipedia.org/wiki/Cross-platform", "entity_type": "WikicatComputingPlatforms"}
{"name": "WeChat", "url": "https://en.wikipedia.org/wiki/WeChat", "entity_type": "company", "developer(s)": "Tencent Holdings Limited", "ios": "7.0.8 / September_25, 2019; 2 months ago_(2019-09-25)[1]", "macos": "2.3.28 / October_23, 2019; 34 days ago_(2019-10-23)[2]", "android": "7.0 / November_19, 2018; 12 months ago_(2018-11-19)[7]", "windows_phone_8.1": "6.0.8 (discontinued)[4] / 2016; 3_years ago_(2016)", "symbian_v3": "4.2 / February_4, 2013; 6 years ago_(2013-02-04)[5]", "symbian_v5": "4.2 / January_17, 2013; 6 years ago_(2013-01-17)[6]", "operating_system": "Cross-platform", "type": ["Instant messaging", "client"], "license": ["Proprietary", "freeware"], "website": ["www.wechat.com", "weixin.qq.com"]}
{"name": "Alexis Ohanian", "url": "https://en.wikipedia.org/wiki/Alexis_Ohanian", "entity_type": "person", "born": "Alexis Kerry Ohanian (1983-04-24) April 24, 1983 (age_36)New York City, U.S.", "residence": ["West Palm Beach, Florida", "citation needed"], "alma_mater": "University of Virginia", "occupation": ["Entrepreneur", "venture capitalist", "investor"], "notable_work": ["Reddit", "Initialized Capital"], "spouse(s)": "Serena Williams (m._2017)", "website": "Alexisohanian.com"}
{"name": "Multimedia", "url": "https://en.wikipedia.org/wiki/Multimedia", "entity_type": "company"}
{"name": "Aaron Swartz", "url": "https://en.wikipedia.org/wiki/Aaron_Swartz", "entity_type": "person", "born": ["[1]", "Highland Park, Illinois", "[2]"], "died": "January 11, 2013(2013-01-11) (aged_26)Brooklyn, New York City", "cause_of_death": "Suicide by hanging", "alma_mater": "Stanford University", "occupation": "Software developer, writer, internet activist", "organization": ["Creative Commons", "Reddit", "Open Library", "DeadDrop", "Progressive Change Campaign Committee", "Demand Progress", "ThoughtWorks", "Tor2web"], "title": ["Harvard University", "Edmond J. Safra Center for Ethics"], "awards": ["ArsDigita Prize", "American Library Association", "James Madison Award", "EFF Pioneer Award", "Internet Hall of Fame"], "website": "aaronsw.com"}
{"name": "Reddit", "url": "https://en.wikipedia.org/wiki/Reddit", "entity_type": "company", "type_of_site": ["Social news", "media aggregation"], "available_in": ["Multilingual", "[notes 1]"], "founded": "June_23, 2005; 14 years ago_(2005-06-23)[2]", "headquarters": ["San Francisco", "California", "U.S."], "owner": ["Advance Publications", "[1]"], "founded_by": ["Steve Huffman", "Aaron Swartz", "Alexis Ohanian"], "key_people": ["Steve Huffman (co-founder and CEO)", "Jen Wong COO", "Christopher Slowe CTO"], "industry": ["Internet", "media"], "employees": "400 (September 2018)[3]", "website": "www.reddit.com", "alexa_rank": ["[update]", "[4]"], "advertising": "Banner ads and promoted links", "registration": "Optional[notes 2]", "written_in": ["Python", "React[notes 3]"]}
{"name": "Instant messaging", "url": "https://en.wikipedia.org/wiki/Instant_messaging", "entity_type": "work"}
{"name": "Image sharing", "url": "https://en.wikipedia.org/wiki/Photo_sharing", "entity_type": "programming_language"}
{"name": "Snap Inc.", "url": "https://en.wikipedia.org/wiki/Snap_Inc.", "entity_type": "company", "type": "Public", "traded_as": ["NYSE", "SNAP"], "isin": ["US83304A1060_", ""], "industry": ["Hardware", "Social media"], "founded_by": ["Evan Spiegel", "Bobby Murphy"], "headquarters": "Santa Monica, California, U.S.", "key_people": ["Michael Lynton", "Chairman", "Evan Spiegel", "CEO", "Director", "Bobby Murphy", "CTO", "CBO"], "products": ["Snapchat", "Spectacles", "Bitmoji"], "revenue": " US$ 1.18 billion (2018)", "owner": ["Evan Spiegel", "Bobby Murphy"], "website": "Snap.com"}
{"name": "Bobby Murphy (businessman)", "url": "https://en.wikipedia.org/wiki/Bobby_Murphy_(businessman)", "entity_type": "person", "born": "Robert Cornelius Murphy (1988-07-19) July 19, 1988 (age_31)Berkeley, California, U.S.", "residence": ["Venice, Los Angeles", "California"], "nationality": "American", "citizenship": "United States", "education": "The School of the Madeleine, Saint Mary's College High School", "alma_mater": ["Stanford University", "B.S."], "occupation": ["Entrepreneur", "Software engineer"], "known_for": ["Snap Inc.", "Snapchat"], "home_town": ["Berkeley", "California"], "net_worth": ["US$", "[1]"], "title": ["CTO", "Snap Inc."]}
{"name": "Videotelephony", "url": "https://en.wikipedia.org/wiki/Videotelephony", "entity_type": "DataInputDevice103163973"}
{"name": "Online video platform", "url": "https://en.wikipedia.org/wiki/Video_hosting_service", "entity_type": "programming_language"}
{"name": "Snapchat", "url": "https://en.wikipedia.org/wiki/Snapchat", "entity_type": "company", "founded_by": ["Evan Spiegel", "Bobby Murphy", "Reggie Brown"], "developer(s)": "Snap Inc.", "android": "10.70.5.0 / November_19, 2019; 7 days ago_(2019-11-19)[1]", "ios": "10.68.0.63 / October_17, 2019; 40 days ago_(2019-10-17)[2]", "android_(beta)": "10.68.6.0 / October_19, 2019; 38 days ago_(2019-10-19)[3]", "operating_system": ["Android", "iOS"], "size": ["MB", "[4]", "[5]"], "type": ["Photo sharing", "Instant messaging", "Video chat", "Multimedia"], "license": "Proprietary software", "alexa_rank": ["[update]", "[6]"], "website": "www.snapchat.com"}
{"name": "Wikipedia:Citation needed", "url": "https://en.wikipedia.org/wiki/Wikipedia:Citation_needed", "entity_type": "programming_language"}
{"name": "News aggregator", "url": "https://en.wikipedia.org/wiki/News_aggregation", "entity_type": "WikicatNewsAggregators"}
{"name": "Dustin Moskovitz", "url": "https://en.wikipedia.org/wiki/Dustin_Moskovitz", "entity_type": "person", "born": ["[1]", "Gainesville, Florida"], "nationality": "American", "citizenship": "United States", "alma_mater": "Harvard University", "known_for": ["Facebook", "Asana"], "net_worth": ["US$", "[2]"]}
{"name": "Eduardo Saverin", "url": "https://en.wikipedia.org/wiki/Eduardo_Saverin", "entity_type": "person", "born": "Eduardo Luiz Saverin (1982-03-19) March 19, 1982 (age_37)S\u00e3o Paulo, Brazil", "residence": "Singapore", "citizenship": ["Brazil", "[1]", "[2]"], "alma_mater": "Harvard University (BA)", "known_for": "Co-founder of Facebook", "net_worth": ["US$", "[3]"], "website": "www.facebook.com/saverin"}
{"name": "Twitter", "url": "https://en.wikipedia.org/wiki/Twitter", "entity_type": "company", "type": "Public", "type_of_site": ["News", "social networking service"], "available_in": "Multilingual", "traded_as": ["NYSE:_TWTR", "S&P 500 Component"], "headquarters": "San Francisco, California, United States", "coordinates": ["37\u00b046\u203236\u2033N 122\u00b025\u203200\u2033W\ufeff / \ufeff37.7768\u00b0N 122.4166\u00b0W\ufeff / 37.7768; -122.4166", "Coordinates", "37\u00b046\u203236\u2033N 122\u00b025\u203200\u2033W\ufeff / \ufeff37.7768\u00b0N 122.4166\u00b0W\ufeff / 37.7768; -122.4166"], "founded_by": ["Jack Dorsey", "Noah Glass", "Biz Stone", "Evan Williams"], "key_people": ["Omid Kordestani", "(Executive Chairman)", "Jack Dorsey", "(CEO)", "Ned Segal", "(CFO)"], "industry": "Internet", "employees": "4,600 (September 2019)[1]", "subsidiaries": ["Vine", "Periscope", "MoPub"], "website": ["twitter.com", ""], "alexa_rank": ["[update]", "[2]"], "users": ["321 million active users", "(February 2019)"], "written_in": ["Java", "Ruby", "Scala", "JavaScript"]}
{"name": "Mark Zuckerberg", "url": "https://en.wikipedia.org/wiki/Mark_Zuckerberg", "entity_type": "person", "born": "Mark Elliot Zuckerberg (1984-05-14) May 14, 1984 (age_35)White Plains, New York, U.S.", "occupation": "Internet entrepreneur", "known_for": "Co-founding and leading Facebook", "home_town": "Dobbs Ferry, New York, U.S.", "salary": ["One-dollar salary", "[1]"], "net_worth": "US $73.6 billion[2] (May 2019)", "spouse(s)": "Priscilla Chan (m._2012)", "relatives": ["Randi Zuckerberg", "Donna Zuckerberg"], "website": "facebook.com/zuck"}
{"name": "Cambridge, Massachusetts", "url": "https://en.wikipedia.org/wiki/Cambridge,_Massachusetts", "entity_type": "location", "country": "_United States", "state": "_Massachusetts", "county": "Middlesex", "\u2022_type": "Council-City Manager", "\u2022_demonym": "Cantabrigian", "time_zone": ["UTC\u22125", "Eastern"], "\u2022_summer_(dst)": ["UTC\u22124", "Eastern"], "area_code(s)": ["617", "857"], "website": "cambridgema.gov"}
{"name": "NASDAQ-100", "url": "https://en.wikipedia.org/wiki/NASDAQ-100", "entity_type": "work"}
{"name": "Advertising", "url": "https://en.wikipedia.org/wiki/Advertising", "entity_type": "programming_language"}
{"name": "Social media", "url": "https://en.wikipedia.org/wiki/Social_media", "entity_type": "company"}
